panel,scenario,households,series,x_name,x,y_name,y,y_low,y_high
,main,10000,No drift,hour_of_week,0,messages_per_hour,799,,
,main,10000,No drift,hour_of_week,1,messages_per_hour,501,,
,main,10000,No drift,hour_of_week,2,messages_per_hour,286,,
,main,10000,No drift,hour_of_week,3,messages_per_hour,200,,
,main,10000,No drift,hour_of_week,4,messages_per_hour,101,,
,main,10000,No drift,hour_of_week,5,messages_per_hour,65,,
,main,10000,No drift,hour_of_week,6,messages_per_hour,106,,
,main,10000,No drift,hour_of_week,7,messages_per_hour,154,,
,main,10000,No drift,hour_of_week,8,messages_per_hour,483,,
,main,10000,No drift,hour_of_week,9,messages_per_hour,2491,,
,main,10000,No drift,hour_of_week,10,messages_per_hour,3840,,
,main,10000,No drift,hour_of_week,11,messages_per_hour,3479,,
,main,10000,No drift,hour_of_week,12,messages_per_hour,1603,,
,main,10000,No drift,hour_of_week,13,messages_per_hour,2019,,
,main,10000,No drift,hour_of_week,14,messages_per_hour,3415,,
,main,10000,No drift,hour_of_week,15,messages_per_hour,4009,,
,main,10000,No drift,hour_of_week,16,messages_per_hour,4394,,
,main,10000,No drift,hour_of_week,17,messages_per_hour,3291,,
,main,10000,No drift,hour_of_week,18,messages_per_hour,1782,,
,main,10000,No drift,hour_of_week,19,messages_per_hour,1667,,
,main,10000,No drift,hour_of_week,20,messages_per_hour,1946,,
,main,10000,No drift,hour_of_week,21,messages_per_hour,1883,,
,main,10000,No drift,hour_of_week,22,messages_per_hour,1636,,
,main,10000,No drift,hour_of_week,23,messages_per_hour,1279,,
,main,10000,No drift,hour_of_week,24,messages_per_hour,958,,
,main,10000,No drift,hour_of_week,25,messages_per_hour,556,,
,main,10000,No drift,hour_of_week,26,messages_per_hour,344,,
,main,10000,No drift,hour_of_week,27,messages_per_hour,154,,
,main,10000,No drift,hour_of_week,28,messages_per_hour,124,,
,main,10000,No drift,hour_of_week,29,messages_per_hour,61,,
,main,10000,No drift,hour_of_week,30,messages_per_hour,148,,
,main,10000,No drift,hour_of_week,31,messages_per_hour,182,,
,main,10000,No drift,hour_of_week,32,messages_per_hour,467,,
,main,10000,No drift,hour_of_week,33,messages_per_hour,2625,,
,main,10000,No drift,hour_of_week,34,messages_per_hour,4043,,
,main,10000,No drift,hour_of_week,35,messages_per_hour,3876,,
,main,10000,No drift,hour_of_week,36,messages_per_hour,1628,,
,main,10000,No drift,hour_of_week,37,messages_per_hour,2042,,
,main,10000,No drift,hour_of_week,38,messages_per_hour,3386,,
,main,10000,No drift,hour_of_week,39,messages_per_hour,4084,,
,main,10000,No drift,hour_of_week,40,messages_per_hour,4028,,
,main,10000,No drift,hour_of_week,41,messages_per_hour,3281,,
,main,10000,No drift,hour_of_week,42,messages_per_hour,1793,,
,main,10000,No drift,hour_of_week,43,messages_per_hour,1732,,
,main,10000,No drift,hour_of_week,44,messages_per_hour,2077,,
,main,10000,No drift,hour_of_week,45,messages_per_hour,1900,,
,main,10000,No drift,hour_of_week,46,messages_per_hour,1690,,
,main,10000,No drift,hour_of_week,47,messages_per_hour,1281,,
,main,10000,No drift,hour_of_week,48,messages_per_hour,743,,
,main,10000,No drift,hour_of_week,49,messages_per_hour,462,,
,main,10000,No drift,hour_of_week,50,messages_per_hour,220,,
,main,10000,No drift,hour_of_week,51,messages_per_hour,111,,
,main,10000,No drift,hour_of_week,52,messages_per_hour,88,,
,main,10000,No drift,hour_of_week,53,messages_per_hour,60,,
,main,10000,No drift,hour_of_week,54,messages_per_hour,62,,
,main,10000,No drift,hour_of_week,55,messages_per_hour,85,,
,main,10000,No drift,hour_of_week,56,messages_per_hour,229,,
,main,10000,No drift,hour_of_week,57,messages_per_hour,862,,
,main,10000,No drift,hour_of_week,58,messages_per_hour,1137,,
,main,10000,No drift,hour_of_week,59,messages_per_hour,1297,,
,main,10000,No drift,hour_of_week,60,messages_per_hour,751,,
,main,10000,No drift,hour_of_week,61,messages_per_hour,799,,
,main,10000,No drift,hour_of_week,62,messages_per_hour,1353,,
,main,10000,No drift,hour_of_week,63,messages_per_hour,1666,,
,main,10000,No drift,hour_of_week,64,messages_per_hour,1979,,
,main,10000,No drift,hour_of_week,65,messages_per_hour,1647,,
,main,10000,No drift,hour_of_week,66,messages_per_hour,1047,,
,main,10000,No drift,hour_of_week,67,messages_per_hour,1277,,
,main,10000,No drift,hour_of_week,68,messages_per_hour,1402,,
,main,10000,No drift,hour_of_week,69,messages_per_hour,1317,,
,main,10000,No drift,hour_of_week,70,messages_per_hour,1325,,
,main,10000,No drift,hour_of_week,71,messages_per_hour,1039,,
,main,10000,No drift,hour_of_week,72,messages_per_hour,591,,
,main,10000,No drift,hour_of_week,73,messages_per_hour,410,,
,main,10000,No drift,hour_of_week,74,messages_per_hour,208,,
,main,10000,No drift,hour_of_week,75,messages_per_hour,144,,
,main,10000,No drift,hour_of_week,76,messages_per_hour,105,,
,main,10000,No drift,hour_of_week,77,messages_per_hour,73,,
,main,10000,No drift,hour_of_week,78,messages_per_hour,86,,
,main,10000,No drift,hour_of_week,79,messages_per_hour,69,,
,main,10000,No drift,hour_of_week,80,messages_per_hour,253,,
,main,10000,No drift,hour_of_week,81,messages_per_hour,725,,
,main,10000,No drift,hour_of_week,82,messages_per_hour,1172,,
,main,10000,No drift,hour_of_week,83,messages_per_hour,1379,,
,main,10000,No drift,hour_of_week,84,messages_per_hour,873,,
,main,10000,No drift,hour_of_week,85,messages_per_hour,902,,
,main,10000,No drift,hour_of_week,86,messages_per_hour,1403,,
,main,10000,No drift,hour_of_week,87,messages_per_hour,1655,,
,main,10000,No drift,hour_of_week,88,messages_per_hour,2021,,
,main,10000,No drift,hour_of_week,89,messages_per_hour,1543,,
,main,10000,No drift,hour_of_week,90,messages_per_hour,1058,,
,main,10000,No drift,hour_of_week,91,messages_per_hour,1118,,
,main,10000,No drift,hour_of_week,92,messages_per_hour,1392,,
,main,10000,No drift,hour_of_week,93,messages_per_hour,1464,,
,main,10000,No drift,hour_of_week,94,messages_per_hour,1259,,
,main,10000,No drift,hour_of_week,95,messages_per_hour,1048,,
,main,10000,No drift,hour_of_week,96,messages_per_hour,880,,
,main,10000,No drift,hour_of_week,97,messages_per_hour,389,,
,main,10000,No drift,hour_of_week,98,messages_per_hour,263,,
,main,10000,No drift,hour_of_week,99,messages_per_hour,152,,
,main,10000,No drift,hour_of_week,100,messages_per_hour,80,,
,main,10000,No drift,hour_of_week,101,messages_per_hour,76,,
,main,10000,No drift,hour_of_week,102,messages_per_hour,114,,
,main,10000,No drift,hour_of_week,103,messages_per_hour,175,,
,main,10000,No drift,hour_of_week,104,messages_per_hour,578,,
,main,10000,No drift,hour_of_week,105,messages_per_hour,2472,,
,main,10000,No drift,hour_of_week,106,messages_per_hour,3818,,
,main,10000,No drift,hour_of_week,107,messages_per_hour,3510,,
,main,10000,No drift,hour_of_week,108,messages_per_hour,1739,,
,main,10000,No drift,hour_of_week,109,messages_per_hour,2009,,
,main,10000,No drift,hour_of_week,110,messages_per_hour,3481,,
,main,10000,No drift,hour_of_week,111,messages_per_hour,4232,,
,main,10000,No drift,hour_of_week,112,messages_per_hour,4566,,
,main,10000,No drift,hour_of_week,113,messages_per_hour,3191,,
,main,10000,No drift,hour_of_week,114,messages_per_hour,1936,,
,main,10000,No drift,hour_of_week,115,messages_per_hour,1838,,
,main,10000,No drift,hour_of_week,116,messages_per_hour,1917,,
,main,10000,No drift,hour_of_week,117,messages_per_hour,1969,,
,main,10000,No drift,hour_of_week,118,messages_per_hour,1693,,
,main,10000,No drift,hour_of_week,119,messages_per_hour,1343,,
,main,10000,No drift,hour_of_week,120,messages_per_hour,874,,
,main,10000,No drift,hour_of_week,121,messages_per_hour,444,,
,main,10000,No drift,hour_of_week,122,messages_per_hour,257,,
,main,10000,No drift,hour_of_week,123,messages_per_hour,153,,
,main,10000,No drift,hour_of_week,124,messages_per_hour,79,,
,main,10000,No drift,hour_of_week,125,messages_per_hour,78,,
,main,10000,No drift,hour_of_week,126,messages_per_hour,132,,
,main,10000,No drift,hour_of_week,127,messages_per_hour,188,,
,main,10000,No drift,hour_of_week,128,messages_per_hour,475,,
,main,10000,No drift,hour_of_week,129,messages_per_hour,2299,,
,main,10000,No drift,hour_of_week,130,messages_per_hour,3881,,
,main,10000,No drift,hour_of_week,131,messages_per_hour,3549,,
,main,10000,No drift,hour_of_week,132,messages_per_hour,1449,,
,main,10000,No drift,hour_of_week,133,messages_per_hour,1937,,
,main,10000,No drift,hour_of_week,134,messages_per_hour,3130,,
,main,10000,No drift,hour_of_week,135,messages_per_hour,4143,,
,main,10000,No drift,hour_of_week,136,messages_per_hour,4339,,
,main,10000,No drift,hour_of_week,137,messages_per_hour,3358,,
,main,10000,No drift,hour_of_week,138,messages_per_hour,1813,,
,main,10000,No drift,hour_of_week,139,messages_per_hour,1670,,
,main,10000,No drift,hour_of_week,140,messages_per_hour,1928,,
,main,10000,No drift,hour_of_week,141,messages_per_hour,1935,,
,main,10000,No drift,hour_of_week,142,messages_per_hour,1697,,
,main,10000,No drift,hour_of_week,143,messages_per_hour,1408,,
,main,10000,No drift,hour_of_week,144,messages_per_hour,911,,
,main,10000,No drift,hour_of_week,145,messages_per_hour,430,,
,main,10000,No drift,hour_of_week,146,messages_per_hour,216,,
,main,10000,No drift,hour_of_week,147,messages_per_hour,144,,
,main,10000,No drift,hour_of_week,148,messages_per_hour,113,,
,main,10000,No drift,hour_of_week,149,messages_per_hour,61,,
,main,10000,No drift,hour_of_week,150,messages_per_hour,99,,
,main,10000,No drift,hour_of_week,151,messages_per_hour,117,,
,main,10000,No drift,hour_of_week,152,messages_per_hour,466,,
,main,10000,No drift,hour_of_week,153,messages_per_hour,2686,,
,main,10000,No drift,hour_of_week,154,messages_per_hour,3992,,
,main,10000,No drift,hour_of_week,155,messages_per_hour,3550,,
,main,10000,No drift,hour_of_week,156,messages_per_hour,1417,,
,main,10000,No drift,hour_of_week,157,messages_per_hour,2005,,
,main,10000,No drift,hour_of_week,158,messages_per_hour,3472,,
,main,10000,No drift,hour_of_week,159,messages_per_hour,4257,,
,main,10000,No drift,hour_of_week,160,messages_per_hour,4182,,
,main,10000,No drift,hour_of_week,161,messages_per_hour,3323,,
,main,10000,No drift,hour_of_week,162,messages_per_hour,1989,,
,main,10000,No drift,hour_of_week,163,messages_per_hour,1817,,
,main,10000,No drift,hour_of_week,164,messages_per_hour,2103,,
,main,10000,No drift,hour_of_week,165,messages_per_hour,1955,,
,main,10000,No drift,hour_of_week,166,messages_per_hour,1869,,
,main,10000,No drift,hour_of_week,167,messages_per_hour,1301,,
,burst_week,10000,Mild drift,hour_of_week,0,messages_per_hour,834,,
,burst_week,10000,Mild drift,hour_of_week,1,messages_per_hour,499,,
,burst_week,10000,Mild drift,hour_of_week,2,messages_per_hour,291,,
,burst_week,10000,Mild drift,hour_of_week,3,messages_per_hour,235,,
,burst_week,10000,Mild drift,hour_of_week,4,messages_per_hour,115,,
,burst_week,10000,Mild drift,hour_of_week,5,messages_per_hour,55,,
,burst_week,10000,Mild drift,hour_of_week,6,messages_per_hour,116,,
,burst_week,10000,Mild drift,hour_of_week,7,messages_per_hour,187,,
,burst_week,10000,Mild drift,hour_of_week,8,messages_per_hour,480,,
,burst_week,10000,Mild drift,hour_of_week,9,messages_per_hour,2837,,
,burst_week,10000,Mild drift,hour_of_week,10,messages_per_hour,7696,,
,burst_week,10000,Mild drift,hour_of_week,11,messages_per_hour,5088,,
,burst_week,10000,Mild drift,hour_of_week,12,messages_per_hour,1844,,
,burst_week,10000,Mild drift,hour_of_week,13,messages_per_hour,2263,,
,burst_week,10000,Mild drift,hour_of_week,14,messages_per_hour,3729,,
,burst_week,10000,Mild drift,hour_of_week,15,messages_per_hour,5203,,
,burst_week,10000,Mild drift,hour_of_week,16,messages_per_hour,5983,,
,burst_week,10000,Mild drift,hour_of_week,17,messages_per_hour,3649,,
,burst_week,10000,Mild drift,hour_of_week,18,messages_per_hour,2242,,
,burst_week,10000,Mild drift,hour_of_week,19,messages_per_hour,1680,,
,burst_week,10000,Mild drift,hour_of_week,20,messages_per_hour,1890,,
,burst_week,10000,Mild drift,hour_of_week,21,messages_per_hour,1698,,
,burst_week,10000,Mild drift,hour_of_week,22,messages_per_hour,1622,,
,burst_week,10000,Mild drift,hour_of_week,23,messages_per_hour,1067,,
,burst_week,10000,Mild drift,hour_of_week,24,messages_per_hour,690,,
,burst_week,10000,Mild drift,hour_of_week,25,messages_per_hour,354,,
,burst_week,10000,Mild drift,hour_of_week,26,messages_per_hour,206,,
,burst_week,10000,Mild drift,hour_of_week,27,messages_per_hour,152,,
,burst_week,10000,Mild drift,hour_of_week,28,messages_per_hour,117,,
,burst_week,10000,Mild drift,hour_of_week,29,messages_per_hour,64,,
,burst_week,10000,Mild drift,hour_of_week,30,messages_per_hour,150,,
,burst_week,10000,Mild drift,hour_of_week,31,messages_per_hour,176,,
,burst_week,10000,Mild drift,hour_of_week,32,messages_per_hour,457,,
,burst_week,10000,Mild drift,hour_of_week,33,messages_per_hour,2227,,
,burst_week,10000,Mild drift,hour_of_week,34,messages_per_hour,3125,,
,burst_week,10000,Mild drift,hour_of_week,35,messages_per_hour,3063,,
,burst_week,10000,Mild drift,hour_of_week,36,messages_per_hour,1433,,
,burst_week,10000,Mild drift,hour_of_week,37,messages_per_hour,2360,,
,burst_week,10000,Mild drift,hour_of_week,38,messages_per_hour,3541,,
,burst_week,10000,Mild drift,hour_of_week,39,messages_per_hour,3759,,
,burst_week,10000,Mild drift,hour_of_week,40,messages_per_hour,4378,,
,burst_week,10000,Mild drift,hour_of_week,41,messages_per_hour,2502,,
,burst_week,10000,Mild drift,hour_of_week,42,messages_per_hour,1372,,
,burst_week,10000,Mild drift,hour_of_week,43,messages_per_hour,1376,,
,burst_week,10000,Mild drift,hour_of_week,44,messages_per_hour,1464,,
,burst_week,10000,Mild drift,hour_of_week,45,messages_per_hour,1782,,
,burst_week,10000,Mild drift,hour_of_week,46,messages_per_hour,1783,,
,burst_week,10000,Mild drift,hour_of_week,47,messages_per_hour,1705,,
,burst_week,10000,Mild drift,hour_of_week,48,messages_per_hour,1061,,
,burst_week,10000,Mild drift,hour_of_week,49,messages_per_hour,708,,
,burst_week,10000,Mild drift,hour_of_week,50,messages_per_hour,234,,
,burst_week,10000,Mild drift,hour_of_week,51,messages_per_hour,115,,
,burst_week,10000,Mild drift,hour_of_week,52,messages_per_hour,123,,
,burst_week,10000,Mild drift,hour_of_week,53,messages_per_hour,52,,
,burst_week,10000,Mild drift,hour_of_week,54,messages_per_hour,71,,
,burst_week,10000,Mild drift,hour_of_week,55,messages_per_hour,167,,
,burst_week,10000,Mild drift,hour_of_week,56,messages_per_hour,337,,
,burst_week,10000,Mild drift,hour_of_week,57,messages_per_hour,837,,
,burst_week,10000,Mild drift,hour_of_week,58,messages_per_hour,1331,,
,burst_week,10000,Mild drift,hour_of_week,59,messages_per_hour,1351,,
,burst_week,10000,Mild drift,hour_of_week,60,messages_per_hour,1060,,
,burst_week,10000,Mild drift,hour_of_week,61,messages_per_hour,1223,,
,burst_week,10000,Mild drift,hour_of_week,62,messages_per_hour,1882,,
,burst_week,10000,Mild drift,hour_of_week,63,messages_per_hour,1970,,
,burst_week,10000,Mild drift,hour_of_week,64,messages_per_hour,1652,,
,burst_week,10000,Mild drift,hour_of_week,65,messages_per_hour,1549,,
,burst_week,10000,Mild drift,hour_of_week,66,messages_per_hour,943,,
,burst_week,10000,Mild drift,hour_of_week,67,messages_per_hour,998,,
,burst_week,10000,Mild drift,hour_of_week,68,messages_per_hour,1286,,
,burst_week,10000,Mild drift,hour_of_week,69,messages_per_hour,1720,,
,burst_week,10000,Mild drift,hour_of_week,70,messages_per_hour,1742,,
,burst_week,10000,Mild drift,hour_of_week,71,messages_per_hour,1666,,
,burst_week,10000,Mild drift,hour_of_week,72,messages_per_hour,1070,,
,burst_week,10000,Mild drift,hour_of_week,73,messages_per_hour,760,,
,burst_week,10000,Mild drift,hour_of_week,74,messages_per_hour,464,,
,burst_week,10000,Mild drift,hour_of_week,75,messages_per_hour,261,,
,burst_week,10000,Mild drift,hour_of_week,76,messages_per_hour,83,,
,burst_week,10000,Mild drift,hour_of_week,77,messages_per_hour,71,,
,burst_week,10000,Mild drift,hour_of_week,78,messages_per_hour,56,,
,burst_week,10000,Mild drift,hour_of_week,79,messages_per_hour,128,,
,burst_week,10000,Mild drift,hour_of_week,80,messages_per_hour,203,,
,burst_week,10000,Mild drift,hour_of_week,81,messages_per_hour,781,,
,burst_week,10000,Mild drift,hour_of_week,82,messages_per_hour,1259,,
,burst_week,10000,Mild drift,hour_of_week,83,messages_per_hour,1325,,
,burst_week,10000,Mild drift,hour_of_week,84,messages_per_hour,747,,
,burst_week,10000,Mild drift,hour_of_week,85,messages_per_hour,608,,
,burst_week,10000,Mild drift,hour_of_week,86,messages_per_hour,1512,,
,burst_week,10000,Mild drift,hour_of_week,87,messages_per_hour,1370,,
,burst_week,10000,Mild drift,hour_of_week,88,messages_per_hour,1933,,
,burst_week,10000,Mild drift,hour_of_week,89,messages_per_hour,2063,,
,burst_week,10000,Mild drift,hour_of_week,90,messages_per_hour,1440,,
,burst_week,10000,Mild drift,hour_of_week,91,messages_per_hour,1275,,
,burst_week,10000,Mild drift,hour_of_week,92,messages_per_hour,1247,,
,burst_week,10000,Mild drift,hour_of_week,93,messages_per_hour,1180,,
,burst_week,10000,Mild drift,hour_of_week,94,messages_per_hour,836,,
,burst_week,10000,Mild drift,hour_of_week,95,messages_per_hour,676,,
,burst_week,10000,Mild drift,hour_of_week,96,messages_per_hour,539,,
,burst_week,10000,Mild drift,hour_of_week,97,messages_per_hour,259,,
,burst_week,10000,Mild drift,hour_of_week,98,messages_per_hour,194,,
,burst_week,10000,Mild drift,hour_of_week,99,messages_per_hour,118,,
,burst_week,10000,Mild drift,hour_of_week,100,messages_per_hour,87,,
,burst_week,10000,Mild drift,hour_of_week,101,messages_per_hour,58,,
,burst_week,10000,Mild drift,hour_of_week,102,messages_per_hour,91,,
,burst_week,10000,Mild drift,hour_of_week,103,messages_per_hour,131,,
,burst_week,10000,Mild drift,hour_of_week,104,messages_per_hour,519,,
,burst_week,10000,Mild drift,hour_of_week,105,messages_per_hour,2317,,
,burst_week,10000,Mild drift,hour_of_week,106,messages_per_hour,3876,,
,burst_week,10000,Mild drift,hour_of_week,107,messages_per_hour,4654,,
,burst_week,10000,Mild drift,hour_of_week,108,messages_per_hour,2073,,
,burst_week,10000,Mild drift,hour_of_week,109,messages_per_hour,1998,,
,burst_week,10000,Mild drift,hour_of_week,110,messages_per_hour,3433,,
,burst_week,10000,Mild drift,hour_of_week,111,messages_per_hour,4626,,
,burst_week,10000,Mild drift,hour_of_week,112,messages_per_hour,4826,,
,burst_week,10000,Mild drift,hour_of_week,113,messages_per_hour,3871,,
,burst_week,10000,Mild drift,hour_of_week,114,messages_per_hour,1485,,
,burst_week,10000,Mild drift,hour_of_week,115,messages_per_hour,1250,,
,burst_week,10000,Mild drift,hour_of_week,116,messages_per_hour,2055,,
,burst_week,10000,Mild drift,hour_of_week,117,messages_per_hour,2274,,
,burst_week,10000,Mild drift,hour_of_week,118,messages_per_hour,2636,,
,burst_week,10000,Mild drift,hour_of_week,119,messages_per_hour,1910,,
,burst_week,10000,Mild drift,hour_of_week,120,messages_per_hour,1115,,
,burst_week,10000,Mild drift,hour_of_week,121,messages_per_hour,795,,
,burst_week,10000,Mild drift,hour_of_week,122,messages_per_hour,366,,
,burst_week,10000,Mild drift,hour_of_week,123,messages_per_hour,234,,
,burst_week,10000,Mild drift,hour_of_week,124,messages_per_hour,108,,
,burst_week,10000,Mild drift,hour_of_week,125,messages_per_hour,73,,
,burst_week,10000,Mild drift,hour_of_week,126,messages_per_hour,103,,
,burst_week,10000,Mild drift,hour_of_week,127,messages_per_hour,155,,
,burst_week,10000,Mild drift,hour_of_week,128,messages_per_hour,521,,
,burst_week,10000,Mild drift,hour_of_week,129,messages_per_hour,2175,,
,burst_week,10000,Mild drift,hour_of_week,130,messages_per_hour,2847,,
,burst_week,10000,Mild drift,hour_of_week,131,messages_per_hour,3000,,
,burst_week,10000,Mild drift,hour_of_week,132,messages_per_hour,1518,,
,burst_week,10000,Mild drift,hour_of_week,133,messages_per_hour,1881,,
,burst_week,10000,Mild drift,hour_of_week,134,messages_per_hour,3769,,
,burst_week,10000,Mild drift,hour_of_week,135,messages_per_hour,5350,,
,burst_week,10000,Mild drift,hour_of_week,136,messages_per_hour,7498,,
,burst_week,10000,Mild drift,hour_of_week,137,messages_per_hour,5225,,
,burst_week,10000,Mild drift,hour_of_week,138,messages_per_hour,2658,,
,burst_week,10000,Mild drift,hour_of_week,139,messages_per_hour,2102,,
,burst_week,10000,Mild drift,hour_of_week,140,messages_per_hour,1846,,
,burst_week,10000,Mild drift,hour_of_week,141,messages_per_hour,1750,,
,burst_week,10000,Mild drift,hour_of_week,142,messages_per_hour,1561,,
,burst_week,10000,Mild drift,hour_of_week,143,messages_per_hour,1335,,
,burst_week,10000,Mild drift,hour_of_week,144,messages_per_hour,866,,
,burst_week,10000,Mild drift,hour_of_week,145,messages_per_hour,438,,
,burst_week,10000,Mild drift,hour_of_week,146,messages_per_hour,292,,
,burst_week,10000,Mild drift,hour_of_week,147,messages_per_hour,122,,
,burst_week,10000,Mild drift,hour_of_week,148,messages_per_hour,69,,
,burst_week,10000,Mild drift,hour_of_week,149,messages_per_hour,48,,
,burst_week,10000,Mild drift,hour_of_week,150,messages_per_hour,125,,
,burst_week,10000,Mild drift,hour_of_week,151,messages_per_hour,132,,
,burst_week,10000,Mild drift,hour_of_week,152,messages_per_hour,579,,
,burst_week,10000,Mild drift,hour_of_week,153,messages_per_hour,2134,,
,burst_week,10000,Mild drift,hour_of_week,154,messages_per_hour,3343,,
,burst_week,10000,Mild drift,hour_of_week,155,messages_per_hour,3286,,
,burst_week,10000,Mild drift,hour_of_week,156,messages_per_hour,1383,,
,burst_week,10000,Mild drift,hour_of_week,157,messages_per_hour,1599,,
,burst_week,10000,Mild drift,hour_of_week,158,messages_per_hour,3683,,
,burst_week,10000,Mild drift,hour_of_week,159,messages_per_hour,4253,,
,burst_week,10000,Mild drift,hour_of_week,160,messages_per_hour,5016,,
,burst_week,10000,Mild drift,hour_of_week,161,messages_per_hour,3509,,
,burst_week,10000,Mild drift,hour_of_week,162,messages_per_hour,1989,,
,burst_week,10000,Mild drift,hour_of_week,163,messages_per_hour,1985,,
,burst_week,10000,Mild drift,hour_of_week,164,messages_per_hour,2229,,
,burst_week,10000,Mild drift,hour_of_week,165,messages_per_hour,2220,,
,burst_week,10000,Mild drift,hour_of_week,166,messages_per_hour,1934,,
,burst_week,10000,Mild drift,hour_of_week,167,messages_per_hour,1714,,
,burst_all,10000,Strong drift,hour_of_week,0,messages_per_hour,897,,
,burst_all,10000,Strong drift,hour_of_week,1,messages_per_hour,540,,
,burst_all,10000,Strong drift,hour_of_week,2,messages_per_hour,312,,
,burst_all,10000,Strong drift,hour_of_week,3,messages_per_hour,214,,
,burst_all,10000,Strong drift,hour_of_week,4,messages_per_hour,95,,
,burst_all,10000,Strong drift,hour_of_week,5,messages_per_hour,51,,
,burst_all,10000,Strong drift,hour_of_week,6,messages_per_hour,124,,
,burst_all,10000,Strong drift,hour_of_week,7,messages_per_hour,229,,
,burst_all,10000,Strong drift,hour_of_week,8,messages_per_hour,532,,
,burst_all,10000,Strong drift,hour_of_week,9,messages_per_hour,3266,,
,burst_all,10000,Strong drift,hour_of_week,10,messages_per_hour,8925,,
,burst_all,10000,Strong drift,hour_of_week,11,messages_per_hour,6438,,
,burst_all,10000,Strong drift,hour_of_week,12,messages_per_hour,2355,,
,burst_all,10000,Strong drift,hour_of_week,13,messages_per_hour,3062,,
,burst_all,10000,Strong drift,hour_of_week,14,messages_per_hour,5160,,
,burst_all,10000,Strong drift,hour_of_week,15,messages_per_hour,6788,,
,burst_all,10000,Strong drift,hour_of_week,16,messages_per_hour,8970,,
,burst_all,10000,Strong drift,hour_of_week,17,messages_per_hour,5210,,
,burst_all,10000,Strong drift,hour_of_week,18,messages_per_hour,3083,,
,burst_all,10000,Strong drift,hour_of_week,19,messages_per_hour,2648,,
,burst_all,10000,Strong drift,hour_of_week,20,messages_per_hour,2608,,
,burst_all,10000,Strong drift,hour_of_week,21,messages_per_hour,2193,,
,burst_all,10000,Strong drift,hour_of_week,22,messages_per_hour,2084,,
,burst_all,10000,Strong drift,hour_of_week,23,messages_per_hour,1262,,
,burst_all,10000,Strong drift,hour_of_week,24,messages_per_hour,873,,
,burst_all,10000,Strong drift,hour_of_week,25,messages_per_hour,353,,
,burst_all,10000,Strong drift,hour_of_week,26,messages_per_hour,206,,
,burst_all,10000,Strong drift,hour_of_week,27,messages_per_hour,160,,
,burst_all,10000,Strong drift,hour_of_week,28,messages_per_hour,142,,
,burst_all,10000,Strong drift,hour_of_week,29,messages_per_hour,104,,
,burst_all,10000,Strong drift,hour_of_week,30,messages_per_hour,130,,
,burst_all,10000,Strong drift,hour_of_week,31,messages_per_hour,206,,
,burst_all,10000,Strong drift,hour_of_week,32,messages_per_hour,580,,
,burst_all,10000,Strong drift,hour_of_week,33,messages_per_hour,2577,,
,burst_all,10000,Strong drift,hour_of_week,34,messages_per_hour,3422,,
,burst_all,10000,Strong drift,hour_of_week,35,messages_per_hour,2840,,
,burst_all,10000,Strong drift,hour_of_week,36,messages_per_hour,1171,,
,burst_all,10000,Strong drift,hour_of_week,37,messages_per_hour,2187,,
,burst_all,10000,Strong drift,hour_of_week,38,messages_per_hour,3682,,
,burst_all,10000,Strong drift,hour_of_week,39,messages_per_hour,3718,,
,burst_all,10000,Strong drift,hour_of_week,40,messages_per_hour,4150,,
,burst_all,10000,Strong drift,hour_of_week,41,messages_per_hour,2284,,
,burst_all,10000,Strong drift,hour_of_week,42,messages_per_hour,1265,,
,burst_all,10000,Strong drift,hour_of_week,43,messages_per_hour,1156,,
,burst_all,10000,Strong drift,hour_of_week,44,messages_per_hour,1141,,
,burst_all,10000,Strong drift,hour_of_week,45,messages_per_hour,1386,,
,burst_all,10000,Strong drift,hour_of_week,46,messages_per_hour,1630,,
,burst_all,10000,Strong drift,hour_of_week,47,messages_per_hour,1439,,
,burst_all,10000,Strong drift,hour_of_week,48,messages_per_hour,725,,
,burst_all,10000,Strong drift,hour_of_week,49,messages_per_hour,447,,
,burst_all,10000,Strong drift,hour_of_week,50,messages_per_hour,294,,
,burst_all,10000,Strong drift,hour_of_week,51,messages_per_hour,155,,
,burst_all,10000,Strong drift,hour_of_week,52,messages_per_hour,132,,
,burst_all,10000,Strong drift,hour_of_week,53,messages_per_hour,89,,
,burst_all,10000,Strong drift,hour_of_week,54,messages_per_hour,132,,
,burst_all,10000,Strong drift,hour_of_week,55,messages_per_hour,160,,
,burst_all,10000,Strong drift,hour_of_week,56,messages_per_hour,363,,
,burst_all,10000,Strong drift,hour_of_week,57,messages_per_hour,1140,,
,burst_all,10000,Strong drift,hour_of_week,58,messages_per_hour,1819,,
,burst_all,10000,Strong drift,hour_of_week,59,messages_per_hour,1883,,
,burst_all,10000,Strong drift,hour_of_week,60,messages_per_hour,1483,,
,burst_all,10000,Strong drift,hour_of_week,61,messages_per_hour,1846,,
,burst_all,10000,Strong drift,hour_of_week,62,messages_per_hour,2969,,
,burst_all,10000,Strong drift,hour_of_week,63,messages_per_hour,2703,,
,burst_all,10000,Strong drift,hour_of_week,64,messages_per_hour,2403,,
,burst_all,10000,Strong drift,hour_of_week,65,messages_per_hour,2026,,
,burst_all,10000,Strong drift,hour_of_week,66,messages_per_hour,1226,,
,burst_all,10000,Strong drift,hour_of_week,67,messages_per_hour,1133,,
,burst_all,10000,Strong drift,hour_of_week,68,messages_per_hour,1631,,
,burst_all,10000,Strong drift,hour_of_week,69,messages_per_hour,1980,,
,burst_all,10000,Strong drift,hour_of_week,70,messages_per_hour,2194,,
,burst_all,10000,Strong drift,hour_of_week,71,messages_per_hour,2227,,
,burst_all,10000,Strong drift,hour_of_week,72,messages_per_hour,1329,,
,burst_all,10000,Strong drift,hour_of_week,73,messages_per_hour,1215,,
,burst_all,10000,Strong drift,hour_of_week,74,messages_per_hour,613,,
,burst_all,10000,Strong drift,hour_of_week,75,messages_per_hour,372,,
,burst_all,10000,Strong drift,hour_of_week,76,messages_per_hour,210,,
,burst_all,10000,Strong drift,hour_of_week,77,messages_per_hour,125,,
,burst_all,10000,Strong drift,hour_of_week,78,messages_per_hour,210,,
,burst_all,10000,Strong drift,hour_of_week,79,messages_per_hour,194,,
,burst_all,10000,Strong drift,hour_of_week,80,messages_per_hour,471,,
,burst_all,10000,Strong drift,hour_of_week,81,messages_per_hour,1514,,
,burst_all,10000,Strong drift,hour_of_week,82,messages_per_hour,2306,,
,burst_all,10000,Strong drift,hour_of_week,83,messages_per_hour,2124,,
,burst_all,10000,Strong drift,hour_of_week,84,messages_per_hour,1085,,
,burst_all,10000,Strong drift,hour_of_week,85,messages_per_hour,1088,,
,burst_all,10000,Strong drift,hour_of_week,86,messages_per_hour,2071,,
,burst_all,10000,Strong drift,hour_of_week,87,messages_per_hour,1724,,
,burst_all,10000,Strong drift,hour_of_week,88,messages_per_hour,2463,,
,burst_all,10000,Strong drift,hour_of_week,89,messages_per_hour,2665,,
,burst_all,10000,Strong drift,hour_of_week,90,messages_per_hour,1892,,
,burst_all,10000,Strong drift,hour_of_week,91,messages_per_hour,1594,,
,burst_all,10000,Strong drift,hour_of_week,92,messages_per_hour,1525,,
,burst_all,10000,Strong drift,hour_of_week,93,messages_per_hour,1505,,
,burst_all,10000,Strong drift,hour_of_week,94,messages_per_hour,1005,,
,burst_all,10000,Strong drift,hour_of_week,95,messages_per_hour,830,,
,burst_all,10000,Strong drift,hour_of_week,96,messages_per_hour,511,,
,burst_all,10000,Strong drift,hour_of_week,97,messages_per_hour,281,,
,burst_all,10000,Strong drift,hour_of_week,98,messages_per_hour,202,,
,burst_all,10000,Strong drift,hour_of_week,99,messages_per_hour,93,,
,burst_all,10000,Strong drift,hour_of_week,100,messages_per_hour,55,,
,burst_all,10000,Strong drift,hour_of_week,101,messages_per_hour,42,,
,burst_all,10000,Strong drift,hour_of_week,102,messages_per_hour,47,,
,burst_all,10000,Strong drift,hour_of_week,103,messages_per_hour,83,,
,burst_all,10000,Strong drift,hour_of_week,104,messages_per_hour,375,,
,burst_all,10000,Strong drift,hour_of_week,105,messages_per_hour,1759,,
,burst_all,10000,Strong drift,hour_of_week,106,messages_per_hour,2782,,
,burst_all,10000,Strong drift,hour_of_week,107,messages_per_hour,3961,,
,burst_all,10000,Strong drift,hour_of_week,108,messages_per_hour,1793,,
,burst_all,10000,Strong drift,hour_of_week,109,messages_per_hour,1892,,
,burst_all,10000,Strong drift,hour_of_week,110,messages_per_hour,3343,,
,burst_all,10000,Strong drift,hour_of_week,111,messages_per_hour,4678,,
,burst_all,10000,Strong drift,hour_of_week,112,messages_per_hour,4500,,
,burst_all,10000,Strong drift,hour_of_week,113,messages_per_hour,3909,,
,burst_all,10000,Strong drift,hour_of_week,114,messages_per_hour,1679,,
,burst_all,10000,Strong drift,hour_of_week,115,messages_per_hour,1211,,
,burst_all,10000,Strong drift,hour_of_week,116,messages_per_hour,1714,,
,burst_all,10000,Strong drift,hour_of_week,117,messages_per_hour,2243,,
,burst_all,10000,Strong drift,hour_of_week,118,messages_per_hour,2538,,
,burst_all,10000,Strong drift,hour_of_week,119,messages_per_hour,1937,,
,burst_all,10000,Strong drift,hour_of_week,120,messages_per_hour,1254,,
,burst_all,10000,Strong drift,hour_of_week,121,messages_per_hour,1080,,
,burst_all,10000,Strong drift,hour_of_week,122,messages_per_hour,505,,
,burst_all,10000,Strong drift,hour_of_week,123,messages_per_hour,292,,
,burst_all,10000,Strong drift,hour_of_week,124,messages_per_hour,154,,
,burst_all,10000,Strong drift,hour_of_week,125,messages_per_hour,122,,
,burst_all,10000,Strong drift,hour_of_week,126,messages_per_hour,178,,
,burst_all,10000,Strong drift,hour_of_week,127,messages_per_hour,173,,
,burst_all,10000,Strong drift,hour_of_week,128,messages_per_hour,557,,
,burst_all,10000,Strong drift,hour_of_week,129,messages_per_hour,2467,,
,burst_all,10000,Strong drift,hour_of_week,130,messages_per_hour,3391,,
,burst_all,10000,Strong drift,hour_of_week,131,messages_per_hour,3186,,
,burst_all,10000,Strong drift,hour_of_week,132,messages_per_hour,1432,,
,burst_all,10000,Strong drift,hour_of_week,133,messages_per_hour,2006,,
,burst_all,10000,Strong drift,hour_of_week,134,messages_per_hour,3872,,
,burst_all,10000,Strong drift,hour_of_week,135,messages_per_hour,5901,,
,burst_all,10000,Strong drift,hour_of_week,136,messages_per_hour,8634,,
,burst_all,10000,Strong drift,hour_of_week,137,messages_per_hour,6422,,
,burst_all,10000,Strong drift,hour_of_week,138,messages_per_hour,3359,,
,burst_all,10000,Strong drift,hour_of_week,139,messages_per_hour,2826,,
,burst_all,10000,Strong drift,hour_of_week,140,messages_per_hour,2677,,
,burst_all,10000,Strong drift,hour_of_week,141,messages_per_hour,2513,,
,burst_all,10000,Strong drift,hour_of_week,142,messages_per_hour,2076,,
,burst_all,10000,Strong drift,hour_of_week,143,messages_per_hour,1431,,
,burst_all,10000,Strong drift,hour_of_week,144,messages_per_hour,999,,
,burst_all,10000,Strong drift,hour_of_week,145,messages_per_hour,421,,
,burst_all,10000,Strong drift,hour_of_week,146,messages_per_hour,328,,
,burst_all,10000,Strong drift,hour_of_week,147,messages_per_hour,158,,
,burst_all,10000,Strong drift,hour_of_week,148,messages_per_hour,82,,
,burst_all,10000,Strong drift,hour_of_week,149,messages_per_hour,64,,
,burst_all,10000,Strong drift,hour_of_week,150,messages_per_hour,96,,
,burst_all,10000,Strong drift,hour_of_week,151,messages_per_hour,123,,
,burst_all,10000,Strong drift,hour_of_week,152,messages_per_hour,568,,
,burst_all,10000,Strong drift,hour_of_week,153,messages_per_hour,2254,,
,burst_all,10000,Strong drift,hour_of_week,154,messages_per_hour,3426,,
,burst_all,10000,Strong drift,hour_of_week,155,messages_per_hour,3367,,
,burst_all,10000,Strong drift,hour_of_week,156,messages_per_hour,1330,,
,burst_all,10000,Strong drift,hour_of_week,157,messages_per_hour,1630,,
,burst_all,10000,Strong drift,hour_of_week,158,messages_per_hour,3315,,
,burst_all,10000,Strong drift,hour_of_week,159,messages_per_hour,3914,,
,burst_all,10000,Strong drift,hour_of_week,160,messages_per_hour,4637,,
,burst_all,10000,Strong drift,hour_of_week,161,messages_per_hour,3221,,
,burst_all,10000,Strong drift,hour_of_week,162,messages_per_hour,1991,,
,burst_all,10000,Strong drift,hour_of_week,163,messages_per_hour,1975,,
,burst_all,10000,Strong drift,hour_of_week,164,messages_per_hour,2117,,
,burst_all,10000,Strong drift,hour_of_week,165,messages_per_hour,2048,,
,burst_all,10000,Strong drift,hour_of_week,166,messages_per_hour,2434,,
,burst_all,10000,Strong drift,hour_of_week,167,messages_per_hour,1792,,
