peak_load,beta,policy,accuracy,mean_confidence,comm_MB_per_1k_queries,pon_MB_per_1k_queries,latency_s_mean,latency_s_p95,J_per_query,forwarded_on_arrival,skipped_on_escalation,olt_rate_error,final_user,final_onu,final_olt,J_recserve_same_accuracy,saving_same_accuracy
2.0,0.1,recserve,0.5034732272069464,0.8758970676955566,0.25553449107573567,0.011123685479980704,7.496810150310633,45.141447147377605,22.863376463209985,0.0,0.0,nan,0.8995176073323685,0.09064158224794983,0.009840810419681621,22.863376463209985,0.0
2.0,0.1,recserve_no_onu,0.5336870879562631,0.8794798315324287,0.43443010130246024,0.10860752532561506,3.897208424264717,11.466265097804834,44.434867689965934,0.0,0.10048239266763145,nan,0.8995176073323685,0.0,0.10048239266763145,30.99047285960394,-0.4338234815347639
2.0,0.1,static_day,0.5034732272069464,0.8758970676955566,0.25553449107573567,0.011123685479980704,7.496810150310633,45.141447147377605,22.863376463209985,0.0,0.0,nan,0.8995176073323685,0.09064158224794983,0.009840810419681621,22.863376463209985,0.0
2.0,0.1,static_hour,0.5034732272069464,0.8758970676955566,0.25553449107573567,0.011123685479980704,7.496810150310633,45.141447147377605,22.863376463209985,0.0,0.0,nan,0.8995176073323685,0.09064158224794983,0.009840810419681621,22.863376463209985,0.0
2.0,0.1,broadcast,0.5072519697700595,0.8764791128010015,0.29025782280109347,0.021016642547033285,7.454377522878554,44.279093508070225,23.31847327839238,0.008313233638848689,0.001447178002894356,0.1982923237703502,0.8919601222061425,0.0885833735327223,0.01945650426113523,23.87980416579252,0.023506511339160818
2.0,0.1,oracle,0.5068338961247789,0.8764016577273147,0.28546306480141503,0.0195094227367744,7.4741738887500775,44.716477425317,22.77688214795541,0.007428847081524361,0.0008683068017366136,nan,0.8927962694967037,0.08914616497829234,0.01805756552500402,23.7673483348685,0.04167339885619481
2.0,0.1,piggyback,0.5035214664737095,0.8759144399291378,0.25630583695127834,0.011410387522109664,7.490264325981456,45.141447147377605,22.919001268346722,9.64785335262904e-05,0.00020903682264029587,0.8718525501822929,0.8994211287988423,0.09044862518089725,0.010130246020260492,22.876352136008904,-0.001864332743448438
2.0,0.2,recserve,0.5512301013024602,0.8839528404538392,0.5536737417591253,0.04365711529184756,12.255429485725045,57.2498899583415,35.70929253414667,0.0,0.0,nan,0.7993407300209037,0.16058851905451038,0.040070750924585945,35.70929253414667,0.0
2.0,0.2,recserve_no_onu,0.598761858819746,0.8891920084021471,0.8563206946454414,0.21408017366136034,4.77573609741699,14.014262435169089,72.55211090562365,0.0,0.2006592699790963,nan,0.7993407300209037,0.0,0.2006592699790963,57.80463380910324,-0.2551262091759492
2.0,0.2,static_day,0.5512301013024602,0.8839528404538392,0.5536737417591253,0.04365711529184756,12.255429485725045,57.2498899583415,35.70929253414667,0.0,0.0,nan,0.7993407300209037,0.16058851905451038,0.040070750924585945,35.70929253414667,0.0
2.0,0.2,static_hour,0.5512301013024602,0.8839528404538392,0.5536737417591253,0.04365711529184756,12.255429485725045,57.2498899583415,35.70929253414667,0.0,0.0,nan,0.7993407300209037,0.16058851905451038,0.040070750924585945,35.70929253414667,0.0
2.0,0.2,broadcast,0.5565846599131693,0.8846875841556359,0.6017782923299565,0.05884733880045023,12.05553999874117,56.05141959238968,36.06779878088033,0.011448785978453127,0.004228975719569063,0.19852274248710272,0.7902235086026692,0.15523396044380125,0.054542530953529504,38.14554558227516,0.05446892342680987
2.0,0.2,oracle,0.5557967518893713,0.8845800096025946,0.5945696414214503,0.05602352468242482,12.13384492342634,56.68252704169093,35.533992460811646,0.010387522109663934,0.0023315645602186848,nan,0.7910114166264672,0.15701881331403764,0.051969770059495095,37.78705789651452,0.059625320443661645
2.0,0.2,piggyback,0.5516481749477408,0.8840062422245628,0.5572168194243446,0.044771040360186524,12.244168002499991,57.2498899583415,35.80958136684874,0.0008039877793857533,0.000241196333815726,0.9119147050793301,0.7987136195529828,0.16020260492040522,0.04108377552661199,35.89951048985639,0.002505023655769878
2.0,0.3,recserve,0.5941148094548963,0.8915612988874885,0.8963268371120758,0.10062439298922655,16.928824295180853,63.2713916007232,55.22126514483344,0.0,0.0,nan,0.7000160797555877,0.2104518411320148,0.0895320791123975,55.22126514483344,0.0
2.0,0.3,recserve_no_onu,0.6491236533204695,0.897679561780608,1.2764138929088278,0.31910347322720695,5.6274213803667426,14.958754803071908,100.09374784236141,0.0,0.2999839202444123,nan,0.7000160797555877,0.0,0.2999839202444123,86.19227768063662,-0.16128440430862168
2.0,0.3,static_day,0.5941148094548963,0.8915612988874885,0.8963268371120758,0.10062439298922655,16.928824295180853,63.2713916007232,55.22126514483344,0.0,0.0,nan,0.7000160797555877,0.2104518411320148,0.0895320791123975,55.22126514483344,0.0
2.0,0.3,static_hour,0.5941630487216595,0.8915649397963923,0.8968219649461328,0.10088890496864447,16.917515576945362,63.2713916007232,55.236270079763024,0.0,0.00030551535616658626,nan,0.7000160797555877,0.21021064479819906,0.08977327544621322,55.24808212058715,0.00021380001568827023
2.0,0.3,broadcast,0.6010934233799646,0.8924969912938986,0.9620884386557325,0.12266359543334941,16.460995762745796,62.76592721001266,55.36437098998319,0.01691590287827625,0.00863482875060299,0.19968322101265423,0.688261778420968,0.20088438655732432,0.11085383502170768,59.10078763719705,0.06322109732531245
2.0,0.3,oracle,0.6006914294902718,0.8924079230491156,0.9566146325775848,0.11995841775205017,16.583336066561547,62.84185534884983,54.8463581040283,0.016369191188293938,0.005515356166586268,nan,0.6885994532883101,0.20323203087313071,0.10816851583855926,58.877312839249846,0.06846363294851943
2.0,0.3,piggyback,0.5949670365010452,0.8916641229055329,0.9041068017366136,0.10306028300369835,16.88384201714632,63.2713916007232,55.18505098196169,0.0021064479819906737,0.0006592699790963178,0.9869664041039288,0.6985528219971057,0.20964785335262903,0.09179932465026532,55.69503171648156,0.009156664765287426
2.0,0.4,recserve,0.638880849011095,0.8995892274981788,1.271857790641582,0.17463034249879403,22.080239165021695,67.59357533427573,80.10741864423488,0.0,0.0,nan,0.6001929570670526,0.2398938736131211,0.15991316931982633,80.10741864423488,0.0
2.0,0.4,recserve_no_onu,0.6955137481910275,0.905447639867653,1.6911394114809455,0.42278485287023637,6.480300833434098,15.906939919425678,128.23698834082842,0.0,0.39980704293294744,nan,0.6001929570670526,0.0,0.39980704293294744,114.4158471984415,-0.12079743742504223
2.0,0.4,static_day,0.638880849011095,0.8995892274981788,1.271857790641582,0.17463034249879403,22.080239165021695,67.59357533427573,80.10741864423488,0.0,0.0,nan,0.6001929570670526,0.2398938736131211,0.15991316931982633,80.10741864423488,0.0
2.0,0.4,static_hour,0.6402154687248753,0.8997204950406048,1.280905418877633,0.18010073966875703,21.735739000930952,67.58095960215363,80.45275772011637,0.0,0.008940344106769577,nan,0.6001929570670526,0.2345714745135874,0.16523556841936002,80.90026526907215,0.005531595569772008
2.0,0.4,broadcast,0.646840328027014,0.9005843644451488,1.3478880205820871,0.20306301656214826,21.095235224883012,67.12889511830689,80.34980851138559,0.01939218523878437,0.01887763305997749,0.1990590332125716,0.5885833735327223,0.22395883582569545,0.18745779064158224,84.8358412863367,0.05287898023914117
2.0,0.4,oracle,0.6463418556037949,0.9004847100027852,1.3396954494291688,0.1996353593825374,21.24017487892621,67.12889511830689,79.74733079072635,0.01805756552500402,0.015436565364206465,nan,0.5894034410676958,0.226354719408265,0.18424183952403925,84.5397178481445,0.056687994464643676
2.0,0.4,piggyback,0.6394114809454896,0.8996488228041651,1.2770045344910756,0.17666261456825855,22.000936683465266,67.59357533427573,80.21888332941045,0.0011255828911400547,0.001672294581122367,1.0398473139761062,0.599549766843544,0.2386396526772793,0.1618105804791767,80.42264682037502,0.0025336581052807228
2.0,0.5,recserve,0.6883260974433189,0.9072012726291585,1.6687214021546872,0.26721521144878596,27.236171839483088,71.71732405331565,109.48095323910977,0.0,0.0,nan,0.49942112879884226,0.2502974754783727,0.250281395722785,109.48095323910977,0.0
2.0,0.5,recserve_no_onu,0.7429329474191992,0.9125133174041131,2.10626512301013,0.5265662807525325,7.348690098141682,16.322925533771212,156.52253808683238,0.0,0.5005788712011577,nan,0.49942112879884226,0.0,0.5005788712011577,147.64800150366239,-0.06010603931506564
2.0,0.5,static_day,0.6883260974433189,0.9072012726291585,1.6687214021546872,0.26721521144878596,27.236171839483088,71.71732405331565,109.48095323910977,0.0,0.0,nan,0.49942112879884226,0.2502974754783727,0.250281395722785,109.48095323910977,0.0
2.0,0.5,static_hour,0.6943238462775366,0.9077898685375285,1.717027335584499,0.2961075735648818,24.985315052272355,70.12980890178386,110.76921429053576,0.0,0.05669721820228332,nan,0.49942112879884226,0.22227046148898535,0.27830840971217236,113.5988848875007,0.024909316669501025
2.0,0.5,broadcast,0.6979900305515356,0.9083146608357366,1.761315838559254,0.30686629683228817,25.052854940214274,70.12980890178386,109.49495387658418,0.021981025888406495,0.044830358578549605,0.19813581740988168,0.4886155330438977,0.2227206946454414,0.28866377231066087,116.11601200769671,0.05702106037428889
2.0,0.5,oracle,0.6998231226885351,0.9083921069222286,1.7686505547515678,0.31180389130085223,24.640221103823258,69.60740492460866,108.91869748650092,0.021321755909310177,0.05523396044380125,nan,0.4888888888888889,0.2177038109020743,0.2934073002090368,117.3745755677947,0.07204182030383333
2.0,0.5,piggyback,0.68916224473388,0.9072873840930824,1.6761520501688374,0.27111546872487535,26.960668665223174,71.68491654061671,109.74680161786084,0.0005627914455700274,0.006898215147129763,1.0081029778339496,0.4991156134426757,0.24677600900466312,0.2541083775526612,110.0550348630141,0.0028007191632524187
2.0,0.6,recserve,0.7376587875864287,0.9144656981797115,2.099630615854639,0.381991847563917,32.31367979974805,73.77763861982693,143.351769049467,0.0,0.0,nan,0.4005145521788069,0.24021546872487537,0.35926997909631775,143.351769049467,0.0
2.0,0.6,recserve_no_onu,0.7833252934555395,0.9187819448521916,2.514530696253417,0.6286326740633542,8.194556350519436,16.68630042198244,183.46365730316114,0.0,0.5994854478211931,nan,0.4005145521788069,0.0,0.5994854478211931,180.55085493335346,-0.016132863900771177
2.0,0.6,static_day,0.7831001768773115,0.918762830437001,2.5130010291043576,0.627650313555234,8.305341587032446,16.751926991781417,183.20877514728593,0.0,0.5967036501045184,nan,0.4005145521788069,0.0010130246020260492,0.598472423219167,180.36747915786952,-0.015752817540514163
2.0,0.6,static_hour,0.7531435922173983,0.9158987640711131,2.2379799646245377,0.4642881652998875,24.241270739853295,68.43627051865056,149.00648669861988,0.00025727608940344105,0.20080398777938574,nan,0.400450233156456,0.15996140858658947,0.43958835825695447,155.96540274882716,0.044618331550197676
2.0,0.6,broadcast,0.7508602669239428,0.9158266772750181,2.2295524360829715,0.4436986332207751,27.389250522467318,71.70677746450703,143.77053850900276,0.027721498633220775,0.10662485930213861,0.19674578347431676,0.38946776009004663,0.19109181540440584,0.4194404245055475,154.10544845463284,0.06706388417326181
2.0,0.6,oracle,0.754060138285898,0.9160881640337013,2.255781154526451,0.46032045344910755,25.653856753128338,69.9817114269881,143.98549300593115,0.026290400385914132,0.14976684354397812,nan,0.39009487055796754,0.17425631130406818,0.4356488181379643,156.7120041204403,0.08120954859800178
2.0,0.6,piggyback,0.7426917510853835,0.9149987156853702,2.1509842096800127,0.4101901591895803,29.710500793371224,73.0367153749001,144.72419132564332,0.0045344910757356485,0.06182666023476443,0.9221482368583036,0.3988261778420968,0.2144074610065927,0.3867663611513105,147.45152745850103,0.018496492914427787
2.0,0.7,recserve,0.788712011577424,0.9213175974271887,2.5633470976041166,0.5155659752371764,37.711415122260995,76.84537388051899,184.93877527529074,0.0,0.0,nan,0.30091654606849977,0.20979257115291847,0.4892908827785818,184.93877527529074,0.0
2.0,0.7,recserve_no_onu,0.8256954494291687,0.9245233087950754,2.9246105804791767,0.7311526451197942,9.055737723689566,16.914536808547997,211.6735287322676,0.0,0.6990834539315003,nan,0.30091654606849977,0.0,0.6990834539315003,222.39254361467545,0.04819862531443475
2.0,0.7,static_day,0.8428203891300852,0.9267918133639036,3.150118250522592,0.7871124778903361,9.071113179054214,16.703559757638963,228.52812561108357,0.18541566168194243,0.5674063354237016,nan,0.2450554751567776,0.0006914294902717479,0.7542530953529506,243.02759712891194,0.05966183136862946
2.0,0.7,static_hour,0.8187489950152758,0.924124068444945,2.872258337353272,0.6722581122366941,19.47619357636907,63.7359280700851,194.54182685773497,0.06409390577263226,0.40355362598488503,nan,0.2815565203408908,0.07671651390898858,0.6417269657501206,215.35774886571272,0.09665740897467134
2.0,0.7,broadcast,0.8099533687087956,0.9233094117908988,2.7786465991316933,0.6187194404245057,26.471869839839105,69.9817114269881,184.76544478120024,0.060443801254220934,0.23331725357774563,0.19437070838915974,0.28279466152114485,0.1275446213217559,0.5896607171570992,206.45026569978083,0.10503653674204794
2.0,0.7,oracle,0.8154526451197942,0.9238783463996023,2.8449511818620357,0.6498728091333011,23.06322555163835,67.14737488722817,186.4741118984486,0.07864608457951439,0.3015758160475961,nan,0.2772632255989709,0.10268531918314841,0.6200514552178807,212.0194782093763,0.1204859408516269
2.0,0.7,piggyback,0.8072358900144718,0.9230985886725578,2.7581464222543817,0.6137625341694807,26.404597661364956,69.9817114269881,189.64524400811126,0.041743045505708315,0.2468564077826017,0.8753660163444432,0.2882778581765557,0.12696575012059816,0.5847563917028461,203.6982279391913,0.06898923016294078
2.0,0.8,recserve,0.8328670204212896,0.9275633671316452,3.048275542691751,0.6635375462292973,43.314798158720215,80.6681561592853,229.65531782309517,0.0,0.0,nan,0.20102910435761376,0.16129602830036985,0.6376748673420164,229.65531782309517,0.0
2.0,0.8,recserve_no_onu,0.8557806721337836,0.9295404708331336,3.3352620035375464,0.8338155008843866,9.920862213774297,17.2593581580199,239.61149867482018,0.0,0.7989708956423862,nan,0.20102910435761376,0.0,0.7989708956423862,260.4396441733198,0.07997302240452564
2.0,0.8,static_day,0.9142949027174787,0.9362130022512797,4.107076346679531,1.026513876829072,8.812491207092915,14.031203806386666,279.43829187578086,0.9449589966232513,0.04228975719569063,nan,0.011271908666988262,0.0004341534008683068,0.9882939379321435,nan,nan
2.0,0.8,static_hour,0.8821193117864609,0.9325441494236477,3.6822362437690948,0.9164801415018492,10.745166432675395,18.13853479654398,248.3971614638532,0.43868789194404245,0.4155491236533205,nan,0.11300852227046149,0.006705258080077183,0.8802862196494613,nan,nan
2.0,0.8,broadcast,0.8718282682103232,0.93130066619601,3.539279562630648,0.8829990352146647,10.178905894117719,17.33435691071162,242.00260094331458,0.25428525486412606,0.5822479498311626,0.2014771625020559,0.1498633220775044,0.0029586750281395723,0.847178002894356,281.9994741364945,0.14183314814913617
2.0,0.8,oracle,0.8917993246502653,0.9336869480374551,3.811799003055154,0.9485282199710563,10.539715131005725,17.660973164476907,258.2923691655073,0.599549766843544,0.3036340247628236,nan,0.08039877793857533,0.00717157099212092,0.9124296510693037,nan,nan
2.0,0.8,piggyback,0.8809133301173823,0.9323920576903229,3.663189001447178,0.9135158385592539,10.097125490239513,17.064155866572516,252.97556776904148,0.409085061907059,0.45626306480141504,0.7040272683710389,0.11884547354880205,0.0036822640295867503,0.8774722624216111,nan,nan
2.0,0.9,recserve,0.8723749799003055,0.9331021165827227,3.5887627271265474,0.839924296510693,49.18891365153663,84.06696196549831,282.73397736169284,0.0,0.0,nan,0.10115774240231548,0.09075414053706383,0.8080881170606207,282.73397736169284,0.0
2.0,0.9,recserve_no_onu,0.886959318218363,0.9338501280697922,3.740341148094549,0.9350852870236372,10.789122577657391,17.472123683745664,267.72085799845917,0.0,0.8988422575976845,nan,0.10115774240231548,0.0,0.8988422575976845,nan,nan
2.0,0.9,static_day,0.9177359704132497,0.9366178827075697,4.152923621160959,1.0380371442354075,8.746503601733568,13.789286499379998,281.59671629882337,0.9985045827303425,0.0002894356005788712,nan,0.00012863804470172053,0.0002894356005788712,0.9995819263547194,nan,nan
2.0,0.9,static_hour,0.9171731789676797,0.936568236503776,4.145723235246825,1.036216578228011,8.805144498083985,13.859920738448329,281.041749847619,0.9834217719890658,0.012590448625180897,nan,0.001945650426113523,0.00032159511175430133,0.9977327544621322,nan,nan
2.0,0.9,broadcast,0.9170927801897412,0.9365581200204969,4.144362341212413,1.03584897893552,8.831393655592876,13.895987326760014,280.86497793998797,0.9797716674706545,0.015533043897732754,0.20175833757305628,0.0022672455378678243,0.00036983437851744654,0.9973629200836147,nan,nan
2.0,0.9,oracle,0.9171892587232674,0.9365674446222166,4.1454079433992606,1.0358791445570028,8.925307240540748,13.944823103053283,280.7810185726804,0.9841614407461007,0.011497025245216272,nan,0.0018330921369995176,0.0007396687570348931,0.9974272391059655,nan,nan
2.0,0.9,piggyback,0.917269657501206,0.9365688001032905,4.146042064640618,1.0362508763466793,8.824300156968102,13.869171265599974,281.0520357247818,0.9835825695449429,0.01212413571313716,0.5698316455567483,0.0018330921369995176,0.0004019938896928767,0.9977649139733076,nan,nan
4.0,0.1,recserve,0.5034732272069464,0.8758970676955566,0.25553449107573567,0.011123685479980704,7.49735724144842,45.141447147377605,21.650294469848085,0.0,0.0,nan,0.8995176073323685,0.09064158224794983,0.009840810419681621,21.650294469848085,0.0
4.0,0.1,recserve_no_onu,0.5336870879562631,0.8794798315324287,0.43443010130246024,0.10860752532561506,3.9033479139112712,11.50563663012991,30.746242345500814,0.0,0.10048239266763145,nan,0.8995176073323685,0.0,0.10048239266763145,27.293880386194672,-0.1264884989036721
4.0,0.1,static_day,0.5034732272069464,0.8758970676955566,0.25553449107573567,0.011123685479980704,7.49735724144842,45.141447147377605,21.650294469848085,0.0,0.0,nan,0.8995176073323685,0.09064158224794983,0.009840810419681621,21.650294469848085,0.0
4.0,0.1,static_hour,0.512751246181058,0.8770332596439594,0.311860684997588,0.041607332368548,6.379782364289674,37.91556964802336,21.7642118241621,0.0,0.03141984241839524,nan,0.8995176073323685,0.062244733880045026,0.03823765878758643,23.38331686140316,0.0692418892853296
4.0,0.1,broadcast,0.5477086348287507,0.8823005074497443,0.6465137803505386,0.1274524843222383,6.670064002172426,37.14086124407467,21.418322347452467,0.08970895642386235,0.02630648014150185,0.2673609612231837,0.8189097925711529,0.05861070911722142,0.12247949831162566,29.912936756101132,0.28397794833421286
4.0,0.1,oracle,0.5386235729216916,0.8809296846977986,0.5589729538511015,0.1043704132497186,6.643532760434483,37.818594194523314,20.920331097301023,0.06674706544460524,0.02656375623090529,nan,0.839331082167551,0.06068499758803666,0.09998392024441229,28.215956424682382,0.2585638146577015
4.0,0.1,piggyback,0.5049043254542531,0.8761188477465831,0.26791995497668436,0.015987152275285417,7.389415747601034,44.279093508070225,21.705774486814942,0.0016240553143592217,0.0031837916063675834,2.275536194549751,0.8980704293294742,0.08753818941952082,0.014391381251004984,21.91760641585919,0.009664920750240724
4.0,0.2,recserve,0.5512301013024602,0.8839528404538392,0.5536737417591253,0.04365711529184756,12.257784849314886,57.2498899583415,30.570704353589093,0.0,0.0,nan,0.7993407300209037,0.16058851905451038,0.040070750924585945,30.570704353589093,0.0
4.0,0.2,recserve_no_onu,0.598761858819746,0.8891920084021471,0.8563206946454414,0.21408017366136034,4.788070449886044,14.069597663971141,44.63499160326186,0.0,0.2006592699790963,nan,0.7993407300209037,0.0,0.2006592699790963,44.1474645062323,-0.011043150551958147
4.0,0.2,static_day,0.5512301013024602,0.8839528404538392,0.5536737417591253,0.04365711529184756,12.257784849314886,57.2498899583415,30.570704353589093,0.0,0.0,nan,0.7993407300209037,0.16058851905451038,0.040070750924585945,30.570704353589093,0.0
4.0,0.2,static_hour,0.5672616176234121,0.885772414174731,0.6579996784048883,0.10154783727287345,9.757421715350821,50.89509949566321,30.04260345258039,0.0008683068017366136,0.06718121884547355,nan,0.7987296993085705,0.10639974272391059,0.09487055796751889,35.10272518793396,0.14415182035760898
4.0,0.2,broadcast,0.6076539636597523,0.8916239052990669,1.0548710082006751,0.20758379160636758,9.669227838386863,49.15442992404868,29.186027281652027,0.11577424023154848,0.05853031033928284,0.265657840867361,0.7071394114809455,0.09491879723428204,0.19794179128477246,46.92871156840175,0.37807737936483876
4.0,0.2,oracle,0.6044701720533848,0.8911874460139623,1.0273266441550089,0.19954922013185397,9.733671763275607,49.72982188680308,28.78479565590835,0.10799163852709438,0.057967518893712815,nan,0.7130728412928123,0.0968001286380447,0.19012703006914294,45.93289435626876,0.37332937409419087
4.0,0.2,piggyback,0.5556520340890818,0.8844727216333386,0.5851038109020743,0.05812870236372407,11.75298135069538,55.880613830065045,30.587665641397155,0.003167711850779868,0.01339443640456665,2.341295709034587,0.7968805274159833,0.14918797234282039,0.053931500241196334,31.820760250725336,0.03875126174271948
4.0,0.3,recserve,0.5941148094548963,0.8915612988874885,0.8963268371120758,0.10062439298922655,16.934464174232186,63.2713916007232,42.693973726906826,0.0,0.0,nan,0.7000160797555877,0.2104518411320148,0.0895320791123975,42.693973726906826,0.0
4.0,0.3,recserve_no_onu,0.6491236533204695,0.897679561780608,1.2764138929088278,0.31910347322720695,5.646275497038815,15.031376205192,58.066247158170256,0.0,0.2999839202444123,nan,0.7000160797555877,0.0,0.2999839202444123,60.15394610913679,0.034705935121510434
4.0,0.3,static_day,0.5941148094548963,0.8915612988874885,0.8963268371120758,0.10062439298922655,16.934464174232186,63.2713916007232,42.693973726906826,0.0,0.0,nan,0.7000160797555877,0.2104518411320148,0.0895320791123975,42.693973726906826,0.0
4.0,0.3,static_hour,0.6250522592056601,0.8953931243349575,1.1479848528702363,0.21589088277858176,12.219234138984916,55.567565851291135,41.45071805712163,0.03151632095192153,0.11862035697057405,nan,0.6782119311786461,0.120598166907863,0.20118990191349093,52.37050057611853,0.20851018032805346
4.0,0.3,broadcast,0.6603955619874577,0.9003249277887038,1.5088083614729055,0.30926840328027017,12.346120822273317,54.987513118556464,39.83997827755198,0.1534651873291526,0.08930696253416948,0.26330045069590535,0.5923138768290722,0.11572600096478533,0.2919601222061425,63.95957150426041,0.377106860778481
4.0,0.3,oracle,0.6618748995015276,0.9004896376768691,1.5209743688695934,0.3130733558449912,12.28881102107418,54.76941972640796,39.47090359593562,0.15676153722463418,0.08993407300209037,nan,0.5900627110467921,0.11445570027335585,0.2954815886798521,64.45902590704412,0.38765901220945675
4.0,0.3,piggyback,0.605531435922174,0.8929490344052242,0.9870057565525004,0.14211733397652354,15.233652405684765,61.176641390882324,42.556035525875075,0.011593503778742563,0.04253095352950635,2.226202886208425,0.6918475639170285,0.17816369191188294,0.1299887441710886,46.26483342697975,0.08016451430562932
4.0,0.4,recserve,0.638880849011095,0.8995892274981788,1.271857790641582,0.17463034249879403,22.090509464019032,67.59357533427573,56.69576725508008,0.0,0.0,nan,0.6001929570670526,0.2398938736131211,0.15991316931982633,56.69576725508008,0.0
4.0,0.4,recserve_no_onu,0.6955137481910275,0.905447639867653,1.6911394114809455,0.42278485287023637,6.505486181672303,15.98964607718459,71.65685222973234,0.0,0.39980704293294744,nan,0.6001929570670526,0.0,0.39980704293294744,76.19776366908779,0.05959376260799143
4.0,0.4,static_day,0.6947419199228172,0.9053694814803093,1.6856691429490271,0.4195676475317575,6.707291757610495,16.28901418679797,71.53380979909659,0.0,0.39469368065605404,nan,0.6001929570670526,0.003135552339604438,0.396671490593343,75.89620384238358,0.05747842214014476
4.0,0.4,static_hour,0.6887280913330117,0.9055502541585766,1.719245988100981,0.36262035697057404,13.968680033077527,57.792679434690704,54.81770094014357,0.09160636758321274,0.17697378999839203,nan,0.5453609905129442,0.11204373693519859,0.34259527255185723,73.5465501926466,0.25465299464685975
4.0,0.4,broadcast,0.71140054671169,0.9086918925959734,1.9669933108216755,0.42101402154687245,14.64123338243753,59.41266562859903,52.074732315299634,0.19643029425952727,0.12392667631452002,0.2610082491033238,0.48253738543174146,0.11841132014793375,0.39905129442032483,82.40487010208273,0.3680624427805089
4.0,0.4,oracle,0.7168033445891623,0.9093726937056452,2.0194096156938417,0.4354341534008683,14.533269421668026,59.046166396794135,51.39043922898795,0.21701238141180254,0.1194243447499598,nan,0.47046148898536744,0.11625663289917994,0.41328187811545264,84.51578888901221,0.39194273751056286
4.0,0.4,piggyback,0.6588519054510371,0.9018763916223699,1.4401942112879884,0.252729056118347,18.21196812310627,64.90489256117232,56.35943000053088,0.025727608940344107,0.09070590127030069,2.2558572828055636,0.5848046309696092,0.17953047113683873,0.23566489789355202,63.43840169266003,0.11158811545134195
4.0,0.5,recserve,0.6883260974433189,0.9072012726291585,1.6687214021546872,0.26721521144878596,27.2518356345152,71.76420167094228,73.38948778290484,0.0,0.0,nan,0.49942112879884226,0.2502974754783727,0.250281395722785,73.38948778290484,0.0
4.0,0.5,recserve_no_onu,0.7429329474191992,0.9125133174041131,2.10626512301013,0.5265662807525325,7.380176481909911,16.400654553543863,85.65307275474986,0.0,0.5005788712011577,nan,0.49942112879884226,0.0,0.5005788712011577,94.96266147087837,0.09803420177922695
4.0,0.5,static_day,0.742659591574208,0.9124797756262705,2.103698601061264,0.5250368708795626,7.504025038884255,16.53094659213534,85.38649584999004,0.0,0.49749155812831647,nan,0.49942112879884226,0.0014793375140697861,0.499099533687088,94.84353320564703,0.09971198916800705
4.0,0.5,static_hour,0.7620356970574047,0.9160601731060589,2.408652773757839,0.5528630487216595,14.23209180091396,56.600513459530895,72.40348681197186,0.21852387843704776,0.22661199549766844,nan,0.3902878276250201,0.08211931178646084,0.5275928605885191,103.28762494704267,0.29901102044805117
4.0,0.5,broadcast,0.7635471940826499,0.9162236877329869,2.428269979096318,0.5427185399581926,16.248070195222265,60.74367879841035,66.96531010951766,0.24864126065283806,0.16116739025566812,0.2592411013807739,0.3754301334619714,0.10734844830358578,0.5172214182344428,103.94633417832166,0.3557703536265401
4.0,0.5,oracle,0.7700755748512622,0.9170586565934502,2.5010836790480786,0.56534391381251,15.666594918513065,59.83857447459141,66.59369426839157,0.2776973789998392,0.1623251326579836,nan,0.3610387522109664,0.09972664415500884,0.5392346036340248,106.79139745384582,0.37641330803660744
4.0,0.5,piggyback,0.7245537867824409,0.9113004641665677,2.011701591895803,0.41476338639652677,19.161430936365896,64.42853647847208,71.63572423514985,0.07922495578067214,0.1667149059334298,2.0105629088114934,0.4596398134748352,0.14704936484965428,0.3933108216755105,87.5439521488336,0.18171704067732908
4.0,0.6,recserve,0.7376587875864287,0.9144656981797115,2.099630615854639,0.381991847563917,32.33610678684824,73.77763861982693,92.66418670641548,0.0,0.0,nan,0.4005145521788069,0.24021546872487537,0.35926997909631775,92.66418670641548,0.0
4.0,0.6,recserve_no_onu,0.7833252934555395,0.9187819448521916,2.514530696253417,0.6286326740633542,8.232382037440757,16.74464743739601,98.94850651784223,0.0,0.5994854478211931,nan,0.4005145521788069,0.0,0.5994854478211931,112.56561454505746,0.12097040541420934
4.0,0.6,static_day,0.783244894677601,0.918772181386763,2.5138382698182986,0.6281451841132014,8.280889436376654,16.80070128382319,98.82735974589781,4.82392667631452e-05,0.5981990673741759,nan,0.40048239266763147,0.0005467116899823122,0.5989708956423863,112.53057681998945,0.12177327675136784
4.0,0.6,static_hour,0.8193600257276089,0.9239565708491864,2.9855301495417272,0.7155199228171731,13.64612543972522,53.36753342298302,90.68364008048488,0.34130889210484,0.26493005306319345,nan,0.2638366296832288,0.051969770059495095,0.684193600257276,132.33554888208062,0.314744671053658
4.0,0.6,broadcast,0.8151149702524522,0.9234082185755753,2.934860652838077,0.6848463418556038,16.62006472289355,60.65749670671085,83.23724310450837,0.3422254381733398,0.19157420807203732,0.2581202791391722,0.26301656214825536,0.08179771667470655,0.6551857211770381,129.9223718705535,0.35933094580938885
4.0,0.6,oracle,0.821048400064319,0.924165688131495,3.004563659752372,0.7067501688374337,15.872857924340623,58.074440082427515,83.08873894323165,0.37708634828750603,0.18845473548802058,nan,0.24926837112075897,0.0743849493487699,0.6763466795304711,133.29533519348348,0.37665681381403904
4.0,0.6,piggyback,0.787698986975398,0.9200599670809415,2.6239145200192957,0.5930642225438174,18.947299049621115,63.42176447701435,88.6383917798602,0.17776169802219005,0.22876668274642226,1.7722944545243764,0.3289435600578871,0.10582087152275285,0.5652355684193601,114.47166678875838,0.22567396573835097
4.0,0.7,recserve,0.788712011577424,0.9213175974271887,2.5633470976041166,0.5155659752371764,37.74194962428568,76.91260014748148,114.91314212461556,0.0,0.0,nan,0.30091654606849977,0.20979257115291847,0.4892908827785818,114.91314212461556,0.0
4.0,0.7,recserve_no_onu,0.8256954494291687,0.9245233087950754,2.9246105804791767,0.7311526451197942,9.09977975702345,17.03627776694341,112.43412039987342,0.0,0.6990834539315003,nan,0.30091654606849977,0.0,0.6990834539315003,135.9370327553447,0.1728955817195973
4.0,0.7,static_day,0.9120919762019617,0.9358621797891498,4.0773223990995335,1.0190924425148737,8.805430704361267,14.116135426186617,137.0101979090135,0.9393471619231387,0.04124457308248915,nan,0.01847563917028461,0.0003859141341051616,0.9811384466956102,nan,nan
4.0,0.7,static_hour,0.8735166425470333,0.931001193790776,3.579288181379643,0.8791510049847242,12.45994165983054,47.95581907296226,108.48186006786409,0.5670525808007718,0.21583855925389933,nan,0.12997266441550087,0.026226081363563275,0.8438012542209359,nan,nan
4.0,0.7,broadcast,0.8600096478533527,0.9294355924837353,3.4147649139733076,0.8228787908023798,15.900533904393498,57.96155082587026,101.12661484769454,0.4665541083775527,0.20537063836629682,0.2575900716764883,0.15968805274159834,0.05118186203569706,0.7891300852227047,159.28786753155546,0.36513297330908756
4.0,0.7,oracle,0.8657340408425792,0.9300826946377927,3.4824584981508284,0.8451141019456504,14.718485887113886,55.54030010632607,101.41788669112618,0.5108538350217077,0.20088438655732432,nan,0.1468724875381894,0.04243447499598006,0.8106930374658305,163.3527692047413,0.3791480414757331
4.0,0.7,piggyback,0.8495578067213378,0.9280570760708504,3.276105772632256,0.788620356970574,15.918674524599163,57.82936908006229,107.54623351889666,0.3554108377552661,0.2811866859623734,1.512947027728507,0.19377713458755427,0.05110146325775848,0.7551214021546873,151.8659964990532,0.2918346700502693
4.0,0.8,recserve,0.8328670204212896,0.9275633671316452,3.048275542691751,0.6635375462292973,43.35449832854572,80.70244272942111,140.01383937330343,0.0,0.0,nan,0.20102910435761376,0.16129602830036985,0.6376748673420164,140.01383937330343,0.0
4.0,0.8,recserve_no_onu,0.8557806721337836,0.9295404708331336,3.3352620035375464,0.8338155008843866,9.971274905531256,17.33435691071162,126.29055450940884,0.0,0.7989708956423862,nan,0.20102910435761376,0.0,0.7989708956423862,156.2848643291738,0.19192075923993301
4.0,0.8,static_day,0.9177359704132497,0.9366108124230343,4.152353433027818,1.0378011577424022,8.799234103240869,13.895987326760014,138.23154889460568,0.9987136195529828,0.00022511657822801094,nan,0.00020903682264029587,0.0004502331564560219,0.9993407300209037,nan,nan
4.0,0.8,static_hour,0.9010934233799647,0.9347402531183001,3.931838141180254,0.9772330278179772,10.97825165461165,19.528828975048675,124.9394937775588,0.7490110950313555,0.15462292973146807,nan,0.050635150345714745,0.009342337996462453,0.9400225116578228,nan,nan
4.0,0.8,broadcast,0.8939379321434314,0.9339772484458152,3.844319150988905,0.9527511336227691,11.942901387836246,42.38810277748576,121.30280370443042,0.6481588679852066,0.21929570670525808,0.26337107238998864,0.07039716996301656,0.013619552982794662,0.9159832770541888,nan,nan
4.0,0.8,oracle,0.9040842579192796,0.9351236087789848,3.981655314359222,0.9913485447821193,10.306817313484743,16.818698966300037,127.16434317889652,0.8016401350699469,0.15362598488502974,nan,0.03981347483518251,0.0065444605242000325,0.9536420646406175,nan,nan
4.0,0.8,piggyback,0.9138768290721981,0.9361848180496843,4.10193243286702,1.0219924585946294,9.95543870631733,15.727869660366645,136.19085757256101,0.9479819906737418,0.03392828429007879,1.0913524154218666,0.010403601865251648,0.005788712011577424,0.9838076861231709,nan,nan
4.0,0.9,recserve,0.8723749799003055,0.9331021165827227,3.5887627271265474,0.839924296510693,49.23975028322759,84.177176359481,168.06851187616198,0.0,0.0,nan,0.10115774240231548,0.09075414053706383,0.8080881170606207,168.06851187616198,0.0
4.0,0.9,recserve_no_onu,0.886959318218363,0.9338501280697922,3.740341148094549,0.9350852870236372,10.845846279685006,17.57991923685034,140.15002002598453,0.0,0.8988422575976845,nan,0.10115774240231548,0.0,0.8988422575976845,nan,nan
4.0,0.9,static_day,0.9177681299244251,0.9366200926575934,4.15333542370156,1.038249300530632,8.77498332443651,13.869171265599974,138.33086029028223,0.9990512944203248,0.0004019938896928767,nan,9.64785335262904e-05,0.00012863804470172053,0.999774883421772,nan,nan
4.0,0.9,static_hour,0.9173661360347323,0.9365864806987502,4.147842386235729,1.036620437369352,8.910260539617834,14.008210576533308,137.96269156869337,0.9891461649782923,0.006801736613603474,nan,0.0013506994693680656,0.0004984724232191671,0.9981508281074127,nan,nan
4.0,0.9,broadcast,0.9173339765235569,0.9365820179616264,4.147880463096961,1.036804952564721,8.849281426046467,13.960693294033314,138.08964594010735,0.9876025084418717,0.009342337996462453,0.26829126908164047,0.0014310982473066409,0.00025727608940344105,0.9983116256632899,nan,nan
4.0,0.9,oracle,0.9175108538350217,0.9365970123445988,4.149771249397009,1.0372068017366136,8.861976155968438,13.944823103053283,138.08989263162957,0.9919279626949671,0.004984724232191671,nan,0.0009004663129120438,0.00036983437851744654,0.9987296993085705,nan,nan
4.0,0.9,piggyback,0.9171249397009166,0.9365517015084186,4.143738575333655,1.0356093423379964,8.921500597287196,14.044136249817019,137.76451112045623,0.977826017044541,0.01780028943560058,0.9716898076389936,0.0023154848046309695,0.0005145521788068821,0.9971699630165621,nan,nan
8.0,0.1,recserve,0.5034732272069464,0.8758970676955566,0.25553449107573567,0.011123685479980704,7.4986275423431,45.141447147377605,20.822763241941836,0.0,0.0,nan,0.8995176073323685,0.09064158224794983,0.009840810419681621,20.822763241941836,0.0
8.0,0.1,recserve_no_onu,0.5336870879562631,0.8794798315324287,0.43443010130246024,0.10860752532561506,3.916139891668542,11.614499343083368,21.93955292039159,0.0,0.10048239266763145,nan,0.8995176073323685,0.0,0.10048239266763145,24.798833779857528,0.11529900497935286
8.0,0.1,static_day,0.5326740633542371,0.879353915299495,0.4282219327866217,0.10529696092619392,4.039156942716812,11.761842778271,21.966820088254767,0.0,0.09696092619392185,nan,0.8995176073323685,0.0030712333172535776,0.09741115935037788,24.665522207803946,0.10941191906714764
8.0,0.1,static_hour,0.657227850136678,0.898159230375395,1.6519725679369675,0.4011611191509889,6.42821804831885,14.298978441520207,18.341086203511463,0.33986171410194566,0.04356005788712011,nan,0.5938092940987297,0.02043736935198585,0.38575333654928445,47.962400293328045,0.6175944887799358
8.0,0.1,broadcast,0.7329634989548159,0.9093357607814571,2.386540118990191,0.5834412928123492,7.508374131699448,14.667507384067104,16.141342595214258,0.5381251004984724,0.021064479819906737,0.2617316995780078,0.4156938414536099,0.02255989708956424,0.5617462614568258,63.63073789651322,0.7463279048961216
8.0,0.1,oracle,0.7358739347161923,0.9097896285304493,2.4119271587071873,0.5895651712493971,7.567110605365934,14.720806283400034,15.842343536112313,0.5447338800450233,0.019938896928766683,nan,0.40969609261939216,0.022961890979257115,0.5673420164013507,64.25667393043328,0.7534521697580575
8.0,0.1,piggyback,0.5213378356648979,0.8785633720138591,0.4206348609101142,0.061700321595111754,7.046943078157465,42.34989072709318,20.7173972027203,0.03560057887120116,0.01456825856246985,7.307412482608749,0.8675188937128155,0.07417591252612961,0.058305193761054835,23.17370223482333,0.10599536522964037
8.0,0.2,recserve,0.5512301013024602,0.8839528404538392,0.5536737417591253,0.04365711529184756,12.262698726708024,57.2498899583415,27.107451638753755,0.0,0.0,nan,0.7993407300209037,0.16058851905451038,0.040070750924585945,27.107451638753755,0.0
8.0,0.2,recserve_no_onu,0.598761858819746,0.8891920084021471,0.8563206946454414,0.21408017366136034,4.813431241737011,14.221257854492992,28.235346801489126,0.0,0.2006592699790963,nan,0.7993407300209037,0.0,0.2006592699790963,36.17474483921309,0.21947350487231998
8.0,0.2,static_day,0.5981508281074127,0.8891263158282278,0.8526388808490111,0.21198055957549447,4.897618726042655,14.322441881512049,28.1615412934752,0.0,0.19835986493005306,nan,0.7993407300209037,0.001977809937288953,0.19868146004180737,36.04974053551052,0.21881431391344175
8.0,0.2,static_hour,0.7289757195690626,0.9089784268287004,2.2399177681299243,0.5409841453609906,8.11188462539729,17.29088924116097,22.083781049786207,0.43944364045666506,0.07123331725357775,nan,0.4488342177198907,0.03228814922013185,0.5188776330599775,62.77310178373876,0.6481967527131667
8.0,0.2,broadcast,0.7741276732593665,0.9157655815427387,2.7140703328509406,0.6574511175430133,8.876593651508825,17.849423120957884,19.415769891331095,0.5839363241678727,0.038848689499919604,0.259537649084395,0.33278662164335104,0.03545586107091172,0.6317575172857373,73.49465971442964,0.7358206709606809
8.0,0.2,oracle,0.7769898697539798,0.9161199093247632,2.736503006914295,0.6626152436082972,8.945316413941592,18.062043542948537,19.095067377446235,0.5908506190705901,0.036549284450876345,nan,0.3270943881652999,0.03630808811706062,0.6365975237176394,74.18956013495885,0.742617865064704
8.0,0.2,piggyback,0.6093584177520501,0.8919783640003115,1.0864535134265958,0.2127561505065123,9.966046870862986,50.49620213625384,26.156555675510543,0.126467277697379,0.05079594790159189,6.164926713577283,0.6986010612638688,0.09922817173178967,0.20217076700434153,38.34258263237042,0.3178196699398106
8.0,0.3,recserve,0.5941148094548963,0.8915612988874885,0.8963268371120758,0.10062439298922655,16.945839649481673,63.29834969536961,35.224054213685804,0.0,0.0,nan,0.7000160797555877,0.2104518411320148,0.0895320791123975,35.224054213685804,0.0
8.0,0.3,recserve_no_onu,0.6491236533204695,0.897679561780608,1.2764138929088278,0.31910347322720695,5.683499598374979,15.194270538630203,34.18505369685911,0.0,0.2999839202444123,nan,0.7000160797555877,0.0,0.2999839202444123,46.38099050880547,0.2629511935419092
8.0,0.3,static_day,0.6489306962534169,0.8976496309816239,1.274758578549606,0.3181402637079917,5.729465886965081,15.231408855805181,34.04536417275366,0.0,0.2987136195529828,nan,0.7000160797555877,0.0009487055796751889,0.2990352146647371,46.343337894888265,0.2653665937923537
8.0,0.3,static_hour,0.7904486251808972,0.9184478459358326,2.8173216594307764,0.6826198584981509,9.477514726780095,29.82894387730181,27.565367118765202,0.5585946293616337,0.07980382698182988,nan,0.3085865894838398,0.0371442354076218,0.6542691751085383,77.56111024236215,0.6445980848826269
8.0,0.3,broadcast,0.8059334298118669,0.9207977703233213,3.0000637079916386,0.7247256150506511,10.003342029241693,37.28024651455333,23.457769128691982,0.6263868789194404,0.05071554912365332,0.25807230789444435,0.26164978292329955,0.043206303264190386,0.6951439138125101,82.24754556214867,0.7147906485432249
8.0,0.3,oracle,0.8103553625984885,0.921420858115151,3.045741887763306,0.73612161119151,10.064335100674661,37.282609729474686,23.073219669316362,0.6421771989065767,0.0458916224473388,nan,0.2505547515677762,0.043206303264190386,0.7062389451680334,83.58583186842206,0.7239577670814183
8.0,0.3,piggyback,0.6859302138607494,0.9039099715431813,1.7632908506190708,0.3800461488985368,11.975763658386098,52.86135475382821,32.005827796269905,0.23399260331242966,0.08223187007557485,5.5029543926311115,0.5361472905611835,0.10350538671812189,0.36034732272069464,53.563226613512164,0.4024663968209127
8.0,0.4,recserve,0.638880849011095,0.8995892274981788,1.271857790641582,0.17463034249879403,22.110159282526155,67.64320124489727,44.38226425336721,0.0,0.0,nan,0.6001929570670526,0.2398938736131211,0.15991316931982633,44.38226425336721,0.0
8.0,0.4,recserve_no_onu,0.6955137481910275,0.905447639867653,1.6911394114809455,0.42278485287023637,6.5548291704161565,16.1680207812237,40.066757863175965,0.0,0.39980704293294744,nan,0.6001929570670526,0.0,0.39980704293294744,55.576566498724084,0.2790710116268912
8.0,0.4,static_day,0.7041003376748673,0.9065782107486859,1.7819094066570187,0.44515005627914456,6.677211172707584,16.1680207812237,40.38005604160844,0.03691911882939379,0.38416144074610065,nan,0.5780189741115935,0.0005788712011577424,0.42140215468724873,57.423250709294884,0.2967995447343723
8.0,0.4,static_hour,0.8246663450715549,0.9239515744183706,3.1562401029104357,0.7680298279466151,10.294260123940656,35.68752677636759,32.82508860418812,0.6202283325293455,0.09292490754140537,nan,0.2279626949670365,0.035423701559736294,0.7366136034732272,87.91701300508872,0.6266355340997747
8.0,0.4,broadcast,0.8328670204212896,0.9250351678766896,3.2472705579675187,0.7856014150184917,10.931612505942178,42.174106389429106,28.368826309089933,0.6627271265476765,0.062325132657983597,0.25739710870042964,0.20212252773757838,0.044187168355041,0.7536903039073806,90.39892579126848,0.6861818206270096
8.0,0.4,oracle,0.83532722302621,0.9254250510818794,3.279129795787104,0.7931811384466957,11.008582265799548,42.47519774582738,28.26437357907649,0.6759125261296028,0.056005788712011575,nan,0.19421128798842258,0.04476603955619875,0.7610226724553787,91.32460785009181,0.6905064883993578
8.0,0.4,piggyback,0.7536259848850297,0.9142795887568388,2.4031394114809457,0.5475507155491237,13.147070401839978,54.55808843102622,37.21894348155977,0.3527255185721177,0.11041968162083936,4.826841645760034,0.38842257597684515,0.08925872326740633,0.5223187007557485,68.51714265726821,0.4567937009905122
8.0,0.5,recserve,0.6883260974433189,0.9072012726291585,1.6687214021546872,0.26721521144878596,27.28211734055223,71.84561355574613,54.030746569650766,0.0,0.0,nan,0.49942112879884226,0.2502974754783727,0.250281395722785,54.030746569650766,0.0
8.0,0.5,recserve_no_onu,0.7429329474191992,0.9125133174041131,2.10626512301013,0.5265662807525325,7.441288268272526,16.533704370209755,46.22161900606928,0.0,0.5005788712011577,nan,0.49942112879884226,0.0,0.5005788712011577,65.92102591765068,0.29883343951882857
8.0,0.5,static_day,0.9130406817816369,0.9359549130120006,4.097911689982312,1.024261070911722,8.856239215263335,14.137410930666647,60.10739977166542,0.973307605724393,0.012590448625180897,nan,0.013410516160154366,0.00036983437851744654,0.9862196494613282,nan,nan
8.0,0.5,static_hour,0.8640135069946937,0.9293722059182588,3.5403585785496063,0.8688869110789516,10.646139513025945,33.65969229560603,38.46245623228991,0.7236372407139412,0.08330921369995176,nan,0.138430615854639,0.02693359060942274,0.8346357935359383,102.11818166016243,0.6233534948723574
8.0,0.5,broadcast,0.857050972825213,0.9285509205805111,3.4731808650908507,0.8457368547998071,11.429788098474626,43.64280454558431,33.61019623443317,0.6994693680656054,0.0749316610387522,0.2563922863287194,0.15034571474513586,0.037594468564077825,0.8120598166907863,99.49844093159706,0.6622037901323556
8.0,0.5,oracle,0.8595754944524843,0.9289041805392205,3.5038283003698347,0.8540703489306962,11.37328745168051,42.92018180790794,33.560026971303486,0.714053706383663,0.0694806238945168,nan,0.14325454253095352,0.036356327383823765,0.8203891300852227,100.44832382855955,0.6658975909983111
8.0,0.5,piggyback,0.811850779868146,0.9225881273847671,2.9700118668596236,0.7022940826499436,13.427622723721926,52.98510859676401,41.495326798001194,0.47943399260331243,0.12611352307444926,3.9554573535354725,0.26049204052098407,0.06703650104518412,0.6724714584338318,84.03841596472544,0.5062338298306506
8.0,0.6,recserve,0.7376587875864287,0.9144656981797115,2.099630615854639,0.381991847563917,32.37986192752324,73.93771052458635,64.64053525510248,0.0,0.0,nan,0.4005145521788069,0.24021546872487537,0.35926997909631775,64.64053525510248,0.0
8.0,0.6,recserve_no_onu,0.7833252934555395,0.9187819448521916,2.514530696253417,0.6286326740633542,8.305658050674749,16.931114189661802,51.830079894771046,0.0,0.5994854478211931,nan,0.4005145521788069,0.0,0.5994854478211931,75.7277105039954,0.3155731297061135
8.0,0.6,static_day,0.9174626145682586,0.9365712159707966,4.149258787586429,1.0371298279466152,8.894863045602145,14.076835061314041,60.045167950674745,0.9977005949509568,0.0006592699790963178,nan,0.0010130246020260492,0.00030551535616658626,0.9986814600418074,nan,nan
8.0,0.6,static_hour,0.8861553304389773,0.9325056571872471,3.7745002411963338,0.9319006431902235,10.742399567917325,21.87507560325048,43.974485095403224,0.7900305515356166,0.07578388808490111,nan,0.08467599292490754,0.019585142305836953,0.8957388647692555,nan,nan
8.0,0.6,broadcast,0.8769255507316289,0.9313815207846418,3.675268338961248,0.9010565203408909,11.704541896194204,43.82186893278611,39.58757083885349,0.7390416465669721,0.08210323203087314,0.25573186806143466,0.1046952886316128,0.029683228814922014,0.8656214825534652,nan,nan
8.0,0.6,oracle,0.8786139250683389,0.9315710927104812,3.693,0.9061017366136035,11.610388316462194,42.83505204161929,39.18696019724992,0.7486091011416627,0.07877472262421611,nan,0.10090046631291204,0.028702363724071395,0.8703971699630165,nan,nan
8.0,0.6,piggyback,0.8557324328670204,0.9286546587435286,3.4214145682585624,0.8291576780832931,13.035015149626929,50.79571051252754,46.602037025719156,0.6002894356005789,0.12995658465991317,3.270908264849051,0.16015436565364208,0.044106769577102425,0.7957388647692555,99.00232374974405,0.5292834020389381
8.0,0.7,recserve,0.788712011577424,0.9213175974271887,2.5633470976041166,0.5155659752371764,37.80087890695707,77.08610532739372,77.03552871117114,0.0,0.0,nan,0.30091654606849977,0.20979257115291847,0.4892908827785818,77.03552871117114,0.0
8.0,0.7,recserve_no_onu,0.8256954494291687,0.9245233087950754,2.9246105804791767,0.7311526451197942,9.184932500457878,17.21017021408536,57.762677221310376,0.0,0.6990834539315003,nan,0.30091654606849977,0.0,0.6990834539315003,88.228468727276,0.34530568132309725
8.0,0.7,static_day,0.917494774079434,0.9365898276262719,4.15092146647371,1.037557404727448,8.896090931065249,14.076835061314041,60.20741659148795,0.9980865090850619,0.0006753497346840328,nan,0.0006271104679208876,0.0002894356005788712,0.9990834539315002,nan,nan
8.0,0.7,static_hour,0.9012542209358417,0.934523960283415,3.939968676636115,0.9778224312590448,10.582115994676446,17.694523026773332,50.13251028080999,0.8423540762180415,0.0694645441389291,nan,0.04766039556198746,0.011931178646084579,0.940408425791928,nan,nan
8.0,0.7,broadcast,0.8951278340569223,0.9337353883566702,3.862118572117704,0.9531961247789034,11.696380333475423,41.95271203871893,45.69880644961158,0.7893230422897572,0.08023798038269818,0.255067282740211,0.06320951921530793,0.020356970574047274,0.9164335102106448,nan,nan
8.0,0.7,oracle,0.8965910918154044,0.9339007385644518,3.8817657501205978,0.9591203891300852,11.475615723828776,38.93296000375692,45.5055538564298,0.8030069142949027,0.07568740955137482,nan,0.059221739829554594,0.01871683550410034,0.9220614246663451,nan,nan
8.0,0.7,piggyback,0.8868306801736614,0.9326705015120952,3.751305772632256,0.9254825213056762,11.764737756193233,42.814890061631445,51.90922949423679,0.6990030551535616,0.1420485608618749,2.5799311588783818,0.0903843061585464,0.020662485930213862,0.8889532079112398,nan,nan
8.0,0.8,recserve,0.8328670204212896,0.9275633671316452,3.048275542691751,0.6635375462292973,43.431228621145095,80.89018219826633,90.39892579126848,0.0,0.0,nan,0.20102910435761376,0.16129602830036985,0.6376748673420164,90.39892579126848,0.0
8.0,0.8,recserve_no_onu,0.8557806721337836,0.9295404708331336,3.3352620035375464,0.8338155008843866,10.068518231486328,17.51425044195913,63.8929718153978,0.0,0.7989708956423862,nan,0.20102910435761376,0.0,0.7989708956423862,99.02047437834845,0.35474989171160276
8.0,0.8,static_day,0.9177520501688374,0.936615628654872,4.1530363402476285,1.0381213860749317,8.894957368893303,14.066723876013313,60.19059778865854,0.9993246502653159,0.0,nan,0.00012863804470172053,0.00022511657822801094,0.9996462453770703,nan,nan
8.0,0.8,static_hour,0.9123170927801897,0.9359543467504184,4.07635812831645,1.0173295385110146,9.513157475707734,15.00355897853046,55.758339932796,0.9117703810902075,0.05782280109342338,nan,0.017816369191188293,0.002846116739025567,0.9793375140697861,nan,nan
8.0,0.8,broadcast,0.9086991477729538,0.9355365539785813,4.030758514230584,1.0057963498954816,9.660163389565225,15.344469187279998,54.0673514239143,0.8563434635793536,0.10059495095674546,0.2579855296992177,0.02910435761376427,0.0030390738060781476,0.9678565685801576,nan,nan
8.0,0.8,oracle,0.9100659269979097,0.9356686863886687,4.045201415018492,1.0091789676796912,9.71563946400129,15.356826392215034,53.795351401168276,0.8752371763949188,0.08295545907702202,nan,0.025341694806238945,0.0034410676957710245,0.97121723749799,nan,nan
8.0,0.8,piggyback,0.9061907059012703,0.9352761088938631,3.9974263707991637,0.9982788712011577,9.390456694642733,15.246418615947395,56.719639126587445,0.8111593503778742,0.14415500884386556,1.8798075315019094,0.03798038269818299,0.0017526933590609423,0.960266923942756,nan,nan
8.0,0.9,recserve,0.8723749799003055,0.9331021165827227,3.5887627271265474,0.839924296510693,49.33716705961577,84.25235547646103,105.26429061825476,0.0,0.0,nan,0.10115774240231548,0.09075414053706383,0.8080881170606207,105.26429061825476,0.0
8.0,0.9,recserve_no_onu,0.886959318218363,0.9338501280697922,3.740341148094549,0.9350852870236372,10.955182813449943,17.777483988257224,69.90528736641268,0.0,0.8988422575976845,nan,0.10115774240231548,0.0,0.8988422575976845,nan,nan
8.0,0.9,static_day,0.9177681299244251,0.9366203049389815,4.153459430776652,1.0382942756070108,8.89174426256239,14.066723876013313,60.18498272901403,0.9995015275767808,0.0,nan,6.431902235086026e-05,0.00011255828911400547,0.9998231226885351,nan,nan
8.0,0.9,static_hour,0.9170445409229779,0.9365422300174382,4.141778517446535,1.0350721981025888,9.089349552414314,14.305279409291643,59.47474443302416,0.9750281395722785,0.019520823283486092,nan,0.0027174786943238464,0.0005949509567454575,0.9966875703489307,nan,nan
8.0,0.9,broadcast,0.9174626145682586,0.9365966662540607,4.149669464544139,1.0368944364045667,9.11213445077255,14.244257685826682,59.87363409027867,0.9934233799646245,0.0022350860266923942,0.2587882664505393,0.0006110307123331725,0.0008039877793857533,0.9985849815082811,nan,nan
8.0,0.9,oracle,0.9174143753014954,0.9365993106627911,4.150072648335746,1.037071763949188,9.07212655080815,14.212746349773443,59.9470940158817,0.9939218523878437,0.0023154848046309695,nan,0.0006110307123331725,0.0006914294902717479,0.9986975397973951,nan,nan
8.0,0.9,piggyback,0.917607332368548,0.9366028258493975,4.150181251004985,1.0372342498794018,9.00277334082466,14.150397890813283,60.140265883549006,0.9932465026531597,0.004228975719569063,1.641892755452793,0.0006914294902717479,0.000482392667631452,0.9988261778420968,nan,nan
16.0,0.1,recserve,0.5034732272069464,0.8758970676955566,0.25553449107573567,0.011123685479980704,7.500833334434057,45.141447147377605,20.48359095753115,0.0,0.0,nan,0.8995176073323685,0.09064158224794983,0.009840810419681621,20.48359095753115,0.0
16.0,0.1,recserve_no_onu,0.5336870879562631,0.8794798315324287,0.43443010130246024,0.10860752532561506,3.9406235426977623,11.836828494271863,18.83968591338267,0.0,0.10048239266763145,nan,0.8995176073323685,0.0,0.10048239266763145,24.03095498359113,0.216024251793288
16.0,0.1,static_day,0.7793214343141984,0.9158965524905532,2.803958031837916,0.6997169963016563,7.3030302465459584,14.033447000710694,25.286329670675492,0.6385753336549285,0.034073002090368225,nan,0.32482714262743206,0.002202926515516964,0.6729699308570509,60.55659231788897,0.5824347324906247
16.0,0.1,static_hour,0.8337674867342016,0.9240580100195364,3.3371642707830844,0.8277382376587876,8.487279339896698,14.683120427751419,14.196817657251584,0.7865573243286702,0.009245859462936164,nan,0.19175108538350216,0.011223669400225117,0.7970252452162727,70.73133293814608,0.7992853086811389
16.0,0.1,broadcast,0.8454413892908827,0.9258744320802933,3.4593017205338477,0.8590697057404728,8.605305630955954,14.683120427751419,11.771578536656305,0.8185238784370478,0.007300209036822641,0.11343603551615986,0.16312912043736935,0.009856890175269336,0.8270139893873613,73.53200125674113,0.8399121697292696
16.0,0.1,oracle,0.8457790641582248,0.9259289812430326,3.4644061424666344,0.8604565042611353,8.60703619233497,14.669406128828854,11.679016695352056,0.8197298601061264,0.00739668757034893,nan,0.16208393632416787,0.009599614085865895,0.8283164495899662,73.61301232380794,0.8413457576769369
16.0,0.1,piggyback,0.5611513105000804,0.8842815805781674,0.7852387843704776,0.15860832931339444,7.159057957845661,39.24562677002632,19.56059568105044,0.12875060299083455,0.015661681942434474,10.889196315290057,0.7838237658787587,0.06460845795143914,0.15156777616980222,27.496906866585654,0.2886255979278691
16.0,0.2,recserve,0.5512301013024602,0.8839528404538392,0.5536737417591253,0.04365711529184756,12.272304432579855,57.2498899583415,26.090653840659478,0.0,0.0,nan,0.7993407300209037,0.16058851905451038,0.040070750924585945,26.090653840659478,0.0
16.0,0.2,recserve_no_onu,0.598761858819746,0.8891920084021471,0.8563206946454414,0.21408017366136034,4.862174007954885,14.489442293317287,21.770151913789224,0.0,0.2006592699790963,nan,0.7993407300209037,0.0,0.2006592699790963,32.88068009795555,0.3379044518260178
16.0,0.2,static_day,0.9129763627592861,0.935959163626739,4.10724926837112,1.025633156456022,9.131783682722219,14.49794588038804,28.67681773429679,0.9870879562630648,0.0003376748673420164,nan,0.010274963820549928,0.001977809937288953,0.9877472262421612,nan,nan
16.0,0.2,static_hour,0.8541887763305998,0.9271204689716198,3.4970005467116896,0.8659687731146486,8.983638583976424,15.177074002109144,15.457964610730293,0.808972503617945,0.020775044219327868,nan,0.15283807686123171,0.013876829072198102,0.8332850940665701,75.63057366075725,0.7956122258166736
16.0,0.2,broadcast,0.8639009487055797,0.9286339249352319,3.6047065444605244,0.8925025245216273,9.158207846818161,15.248951416531334,12.887755446105553,0.8416304872165943,0.01329795787104036,0.11304400297624448,0.1266763145200193,0.014648657340408426,0.8586750281395723,77.96060625639281,0.8346888760238604
16.0,0.2,oracle,0.8643672616176235,0.9287192377665898,3.6108127673259363,0.8939410516160154,9.173077737465512,15.248951416531334,12.759765620477049,0.8435922173982956,0.012879884225759768,nan,0.12502009969448463,0.014745135873934716,0.8602347644315806,78.07247868234221,0.8365651272275675
16.0,0.2,piggyback,0.6696092619392185,0.9005732163445309,1.6711476764753177,0.3728210644798199,9.608732104553853,46.151005303183325,22.482621567153615,0.29228171731789676,0.04661521144878598,8.032716633414317,0.5665058691107895,0.0756713297957871,0.3578228010934234,43.3785871793776,0.48171153029525204
16.0,0.3,recserve,0.5941148094548963,0.8915612988874885,0.8963268371120758,0.10062439298922655,16.96822358915092,63.47872019309286,32.16922243084604,0.0,0.0,nan,0.7000160797555877,0.2104518411320148,0.0895320791123975,32.16922243084604,0.0
16.0,0.3,recserve_no_onu,0.6491236533204695,0.897679561780608,1.2764138929088278,0.31910347322720695,5.756144635332286,15.488917859844317,24.58336171598622,0.0,0.2999839202444123,nan,0.7000160797555877,0.0,0.2999839202444123,40.4747618804323,0.3926249204724499
16.0,0.3,static_day,0.9155652034089082,0.9362994600832312,4.130433703167712,1.032059044862518,9.131670202416222,14.49794588038804,28.590334386097748,0.992828429007879,0.0006914294902717479,nan,0.005209840810419681,0.0009487055796751889,0.9938414536099052,nan,nan
16.0,0.3,static_hour,0.8720855442997266,0.9299343500902633,3.667180157581605,0.9085777456182667,9.355933354900053,15.500404018169172,16.72301116015942,0.8399260331242965,0.027528541566168196,nan,0.11265476764753175,0.013957227850136677,0.8733880045023316,79.9241602152976,0.7907640053381679
16.0,0.3,broadcast,0.8767004341534008,0.9306190231057917,3.7209646888567294,0.9204393310821676,9.567074270874043,15.757422227519875,14.32366011463491,0.8601543656536421,0.01780028943560058,0.11296710659485065,0.0982955459077022,0.01672294581122367,0.8849815082810741,nan,nan
16.0,0.3,oracle,0.8775365814439621,0.930754459605429,3.7314168194243447,0.92303611513105,9.578138694723451,15.751147136294257,14.170058030368013,0.8639009487055797,0.016739025566811384,nan,0.0956263064801415,0.016771185077986816,0.8876025084418717,nan,nan
16.0,0.3,piggyback,0.7630808811706062,0.9145061373689921,2.539561633703168,0.5978178002894355,10.735190335887639,45.35394328086429,23.482424314123307,0.4789033606689178,0.06611995497668435,6.047173226187088,0.36460845795143915,0.06333815726000964,0.5720533847885512,57.87066937991622,0.5942258044405344
16.0,0.4,recserve,0.638880849011095,0.8995892274981788,1.271857790641582,0.17463034249879403,22.149346460987097,67.94296749000486,39.02284923095965,0.0,0.0,nan,0.6001929570670526,0.2398938736131211,0.15991316931982633,39.02284923095965,0.0
16.0,0.4,recserve_no_onu,0.6955137481910275,0.905447639867653,1.6911394114809455,0.42278485287023637,6.650749264740661,16.5303575775985,27.42821784819156,0.0,0.39980704293294744,nan,0.6001929570670526,0.0,0.39980704293294744,47.14402904792315,0.4182037810067092
16.0,0.4,static_day,0.9172374979900305,0.9365278626421045,4.147544589162245,1.036558851905451,9.141567547350673,14.49794588038804,28.79915965706613,0.9977166747065445,0.0,nan,0.0013828589805434958,0.0005788712011577424,0.9980382698182988,nan,nan
16.0,0.4,static_hour,0.8872969930857051,0.932297273966041,3.817111271908667,0.947674143753015,9.539428629651217,15.572637890733947,19.2654760003239,0.8711689982312268,0.032320308731307285,nan,0.07782601704454092,0.011111111111111112,0.911062871844348,nan,nan
16.0,0.4,broadcast,0.886959318218363,0.9322383030071801,3.8153150988904967,0.9436545103714424,9.927903257917869,16.26422576841335,16.098827195240855,0.8748512622608137,0.021434314198424183,0.11358456684275718,0.07557485126226081,0.01694806238945168,0.9074770863482875,nan,nan
16.0,0.4,oracle,0.8882296189097926,0.9323966685315047,3.827802347644316,0.9463719247467439,9.980619177652532,16.38143050586963,15.930690618874284,0.8804630969609262,0.01818620356970574,nan,0.07202122527737578,0.017719890657662003,0.9102588840649622,nan,nan
16.0,0.4,piggyback,0.8210966393310821,0.9232763279297888,3.111913105000804,0.7501168837433672,11.17309549642427,43.88331862768982,24.726604465119152,0.6086830680173662,0.07891944042450555,4.878102368440269,0.23470011255828913,0.0468564077826017,0.7184434796591092,68.27460968186604,0.6378360186848989
16.0,0.5,recserve,0.6883260974433189,0.9072012726291585,1.6687214021546872,0.26721521144878596,27.34214810107642,72.04547042315465,46.03168972880641,0.0,0.0,nan,0.49942112879884226,0.2502974754783727,0.250281395722785,46.03168972880641,0.0
16.0,0.5,recserve_no_onu,0.7429329474191992,0.9125133174041131,2.10626512301013,0.5265662807525325,7.560897162078777,16.929982983968106,30.374074693695437,0.0,0.5005788712011577,nan,0.49942112879884226,0.0,0.5005788712011577,54.53852933904508,0.4430712550961635
16.0,0.5,static_day,0.917494774079434,0.9365772414057855,4.150246406174626,1.0373447499598005,9.135977567003794,14.483202916763375,28.783560984675358,0.9985528219971056,0.0,nan,0.0007557485126226081,0.00036983437851744654,0.9988744171088599,nan,nan
16.0,0.5,static_hour,0.8964142145039395,0.9336266706337037,3.903324521627271,0.9704694163048723,9.699706617042345,15.669389687043024,21.581016871955637,0.8847403119472584,0.038543174143753016,nan,0.05775848207107252,0.008956423862357293,0.9332850940665702,nan,nan
16.0,0.5,broadcast,0.8958031837916064,0.9335687668900837,3.89949165460685,0.9657403601865252,10.193690842189572,16.718417727887488,18.471104210041137,0.8890175269335906,0.023942756070107735,0.11370113199118845,0.055925389934073005,0.015131050008039878,0.9289435600578871,nan,nan
16.0,0.5,oracle,0.8963981347483518,0.9336455396393459,3.9060027657179615,0.9674197137803505,10.186066800849245,16.674138050804487,18.217220372879407,0.8924103553625985,0.02243125904486252,nan,0.05430133461971378,0.015018491718925872,0.9306801736613604,nan,nan
16.0,0.5,piggyback,0.8625341694806239,0.9291563060133241,3.525488535134266,0.8637735648818137,10.978565730739426,36.79275446113552,25.478446566036872,0.7184434796591092,0.08211931178646084,3.74541544172926,0.140971217237498,0.02942595272551857,0.8296028300369834,77.6327043182653,0.6718078187565811
16.0,0.6,recserve,0.7376587875864287,0.9144656981797115,2.099630615854639,0.381991847563917,32.466107910832704,74.23803563659172,53.66626921661432,0.0,0.0,nan,0.4005145521788069,0.24021546872487537,0.35926997909631775,53.66626921661432,0.0
16.0,0.6,recserve_no_onu,0.7833252934555395,0.9187819448521916,2.514530696253417,0.6286326740633542,8.449209456617321,17.314108887467402,33.45910000032287,0.0,0.5994854478211931,nan,0.4005145521788069,0.0,0.5994854478211931,61.218765398636705,0.45345026508705155
16.0,0.6,static_day,0.9175912526129603,0.9365934306469711,4.151281685158386,1.0376355523396044,9.134963129615747,14.481730002226982,28.778541588436084,0.9988422575976845,0.0,nan,0.0005306319343945972,0.00030551535616658626,0.9991638527094389,nan,nan
16.0,0.6,static_hour,0.9040360186525165,0.9347779688008234,3.9861826660234767,0.9919705258080077,9.850584517566192,15.708867499797027,23.482243864039923,0.906206785656858,0.03600257276089403,nan,0.03809294098729699,0.007653963659752371,0.9542530953529507,nan,nan
16.0,0.6,broadcast,0.9028139572278502,0.9346507786356836,3.975796108699148,0.9866928123492523,10.30379172047198,16.746728967246366,20.93019545569541,0.9050008039877794,0.02548641260652838,0.11335751768271109,0.03860749316610387,0.01209197620196173,0.9493005306319344,nan,nan
16.0,0.6,oracle,0.9030551535616659,0.9346779455161305,3.9771410516160155,0.9869761537224634,10.317626290966826,16.782742818531336,20.65154282908345,0.9060299083453931,0.024489467760090047,nan,0.03818941952082328,0.012220614246663451,0.9495899662325132,nan,nan
16.0,0.6,piggyback,0.8878919440424505,0.9326551192296548,3.789569030390738,0.9383576620035377,10.490727836571104,17.840644435469027,26.40641600287536,0.7931661038752211,0.0861231709278019,2.8922229653056664,0.08295545907702202,0.015227528541566168,0.9018170123814118,nan,nan
16.0,0.7,recserve,0.788712011577424,0.9213175974271887,2.5633470976041166,0.5155659752371764,37.917812540258666,77.51086450794334,62.109640828558355,0.0,0.0,nan,0.30091654606849977,0.20979257115291847,0.4892908827785818,62.109640828558355,0.0
16.0,0.7,recserve_no_onu,0.8256954494291687,0.9245233087950754,2.9246105804791767,0.7311526451197942,9.352487972037524,17.627374504749046,36.222625094508764,0.0,0.6990834539315003,nan,0.30091654606849977,0.0,0.6990834539315003,69.15007199172008,0.4761737182450656
16.0,0.7,static_day,0.9176716513908989,0.9366090525145705,4.1524734844830355,1.0379454092297795,9.135962694429633,14.481730002226982,28.775617212870362,0.9991477729538512,0.0,nan,0.000241196333815726,0.0002894356005788712,0.9994693680656054,nan,nan
16.0,0.7,static_hour,0.911513105000804,0.9358099879408964,4.071560186525165,1.0143865573243287,9.898994233467379,15.537610603905033,25.080916070588394,0.9414696896607172,0.021900627110467922,nan,0.017768129924425148,0.005804791767165139,0.9764270783084097,nan,nan
16.0,0.7,broadcast,0.9095835343302782,0.9355386826349563,4.044958578549606,1.0066833735327223,10.196002607914336,16.160436157714084,23.525268581195125,0.9210001607975559,0.02958675028139572,0.1125956392012551,0.02373371924746744,0.0075414053706383665,0.9687248753818942,nan,nan
16.0,0.7,oracle,0.9098247306640939,0.9355603527218211,4.047026949670365,1.0070783084097121,10.20379811795425,16.180545415270934,23.373886964174353,0.9234282038913009,0.027464222543817335,nan,0.023026210001607976,0.007718282682103232,0.9692555073162888,nan,nan
16.0,0.7,piggyback,0.9059495095674546,0.9350219601820621,3.9900185881974592,0.9935654767647532,10.033901071105692,16.133358725118917,27.746172821307567,0.873532722302621,0.06999517607332369,2.2164935128002012,0.03785174465348127,0.0065444605242000325,0.9556037948223187,nan,nan
16.0,0.8,recserve,0.8328670204212896,0.9275633671316452,3.048275542691751,0.6635375462292973,43.58229851439256,81.24409864891916,70.51530342596794,0.0,0.0,nan,0.20102910435761376,0.16129602830036985,0.6376748673420164,70.51530342596794,0.0
16.0,0.8,recserve_no_onu,0.8557806721337836,0.9295404708331336,3.3352620035375464,0.8338155008843866,10.259772061325418,17.899988831432466,39.02910575513795,0.0,0.7989708956423862,nan,0.20102910435761376,0.0,0.7989708956423862,76.01248297692932,0.48654346988002295
16.0,0.8,static_day,0.9177520501688374,0.936615628654872,4.1530363402476285,1.0381213860749317,9.13438009978426,14.471252637813796,28.772163529385786,0.9993246502653159,0.0,nan,0.00012863804470172053,0.00022511657822801094,0.9996462453770703,nan,nan
16.0,0.8,static_hour,0.9152436082971539,0.9362942641305201,4.117007203730504,1.0280456021868467,9.514347304880214,14.928437243102959,26.72657793898945,0.9605242000321595,0.02278501366779225,nan,0.008184595594146969,0.001977809937288953,0.9898375944685641,nan,nan
16.0,0.8,broadcast,0.9138929088277858,0.9361567163647769,4.100111561344268,1.0228966714905934,9.871935134378823,15.434505691782617,25.967860901236335,0.94130889210484,0.030776652194886636,0.11181709895269133,0.011850779868146004,0.0034571474513587393,0.9846920726804953,nan,nan
16.0,0.8,oracle,0.9142145039395401,0.9361972964062306,4.105073452323525,1.0238972503617945,9.921342169337162,15.470257265404099,25.98532117449504,0.9475478372728735,0.024602026049204053,nan,0.010484000643190224,0.003875221096639331,0.9856407782601705,nan,nan
16.0,0.8,piggyback,0.914166264672777,0.9361457979202905,4.0980604920405215,1.0236957227850136,9.40218933837201,14.947294844410292,28.357332908311268,0.9315806399742724,0.051037144235407624,1.6956034158964435,0.01336227689339122,0.0013024602026049203,0.9853352629040039,nan,nan
16.0,0.9,recserve,0.8723749799003055,0.9331021165827227,3.5887627271265474,0.839924296510693,49.529675510779214,84.50325498298999,79.99359827278344,0.0,0.0,nan,0.10115774240231548,0.09075414053706383,0.8080881170606207,79.99359827278344,0.0
16.0,0.9,recserve_no_onu,0.886959318218363,0.9338501280697922,3.740341148094549,0.9350852870236372,11.170083473354577,18.142640231127782,41.75497404923971,0.0,0.8988422575976845,nan,0.10115774240231548,0.0,0.8988422575976845,nan,nan
16.0,0.9,static_day,0.9177681299244251,0.9366203049389815,4.153459430776652,1.0382942756070108,9.131181897322135,14.470456819730632,28.766548469741274,0.9995015275767808,0.0,nan,6.431902235086026e-05,0.00011255828911400547,0.9998231226885351,nan,nan
16.0,0.9,static_hour,0.91738221579032,0.9365728918445752,4.147320083614729,1.0365658948383984,9.253465258938872,14.595006587201349,28.429262906766798,0.9872969930857051,0.008779546550892426,nan,0.0014310982473066409,0.00041807364528059174,0.9981508281074127,nan,nan
16.0,0.9,broadcast,0.9173339765235569,0.9365728348002546,4.1461939218523876,1.0361700594950958,9.293052444324244,14.633351918478542,28.337557453532753,0.9853513426595916,0.00958353433027818,0.11091683016220906,0.0015758160475960765,0.0005627914455700274,0.9978613925068339,nan,nan
16.0,0.9,oracle,0.917494774079434,0.9365952303262493,4.1495178324489475,1.0370111915098892,9.280783584477895,14.596876785913313,28.47689632206904,0.9918314841614407,0.004261135230744493,nan,0.0007879080237980382,0.0005627914455700274,0.998649300530632,nan,nan
16.0,0.9,piggyback,0.9176555716353112,0.93660471293031,4.150690432545425,1.0374446534812671,9.209446676250328,14.539824873805676,28.780000006669923,0.994130889210484,0.003666184273999035,1.5290247925478773,0.0006592699790963178,0.00036983437851744654,0.9989708956423863,nan,nan
32.0,0.1,recserve,0.5034732272069464,0.8758970676955566,0.25553449107573567,0.011123685479980704,7.505596814051072,45.141447147377605,20.409538316712098,0.0,0.0,nan,0.8995176073323685,0.09064158224794983,0.009840810419681621,20.409538316712098,0.0
32.0,0.1,recserve_no_onu,0.5336870879562631,0.8794798315324287,0.43443010130246024,0.10860752532561506,3.990507075291101,12.28736290296765,17.556180894759134,0.0,0.10048239266763145,nan,0.8995176073323685,0.0,0.10048239266763145,23.740753211524865,0.2605044693259122
32.0,0.1,static_day,0.9081524360829716,0.9352483151304541,4.064239170284612,1.0147872809133303,9.531246524966583,15.261375582857568,17.104990014442336,0.9770702685319184,0.0,nan,0.02040520984081042,0.002202926515516964,0.9773918636436726,nan,nan
32.0,0.1,static_hour,0.8719408264994372,0.9295956556962359,3.6985689017526937,0.9218400385914134,9.14104855502355,15.333283508249682,11.81859497357393,0.8802058208715228,0.006817816369191188,nan,0.10765396365975237,0.00472744814278823,0.8876185881974594,70.24301575800666,0.8317470449405244
32.0,0.1,broadcast,0.8842900787908023,0.9315842966228747,3.829025631130407,0.9540076378839042,9.369485705091776,15.399415636602683,10.58612235769146,0.9155491236533204,0.0024280430937449753,0.041966436508820315,0.07578388808490111,0.005563595433349413,0.9186525164817495,nan,nan
32.0,0.1,oracle,0.88430615854639,0.9315612099422299,3.8281553304389773,0.9537797234282038,9.369078001226594,15.399415636602683,10.475190197821902,0.9154204856086188,0.0022994050490432547,nan,0.07596076539636598,0.005627914455700273,0.9184113201479337,nan,nan
32.0,0.1,piggyback,0.6139089885833735,0.8918883931089638,1.2667993568097764,0.2878171088599453,7.324860947593103,31.275770369696342,18.15704995113713,0.2509085061907059,0.01964946132818781,9.671494535343415,0.6743527898375945,0.04947740794339926,0.2761698022190063,33.67649941457004,0.4608391529173743
32.0,0.2,recserve,0.5512301013024602,0.8839528404538392,0.5536737417591253,0.04365711529184756,12.291454688305121,57.34859620484893,25.674949832195818,0.0,0.0,nan,0.7993407300209037,0.16058851905451038,0.040070750924585945,25.674949832195818,0.0
32.0,0.2,recserve_no_onu,0.598761858819746,0.8891920084021471,0.8563206946454414,0.21408017366136034,4.96097721431661,15.024184471962032,19.268707503992744,0.0,0.2006592699790963,nan,0.7993407300209037,0.0,0.2006592699790963,31.682652356206283,0.3918215152142016
32.0,0.2,static_day,0.9136838720051456,0.9360368276465453,4.113020549927641,1.0270759768451518,9.613788412643954,15.306326593229537,17.020388007125657,0.9887441710885995,0.0,nan,0.008956423862357293,0.001977809937288953,0.9890657662003538,nan,nan
32.0,0.2,static_hour,0.8878597845312751,0.9320460787077497,3.8364466634507157,0.9554649300530632,9.472674898701248,15.593225082544016,12.601588060057598,0.9069142949027175,0.011207589644637401,nan,0.07435278983759447,0.00609422736774401,0.9195529827946615,nan,nan
32.0,0.2,broadcast,0.8945489628557646,0.9331181325165147,3.9131948544782116,0.9740785978453128,9.636317225191862,15.638760353076366,10.991562003818796,0.9308088117060621,0.004984724232191671,0.04214202751937478,0.05536259848850297,0.007059012703006914,0.9375783888084901,nan,nan
32.0,0.2,oracle,0.8948866377231066,0.9331535232691496,3.9155779385753333,0.9746886316127995,9.637420838384799,15.632219209025283,10.977943714424136,0.9315002411963338,0.0050329634989548155,nan,0.05473548802058209,0.007010773436243769,0.9382537385431742,nan,nan
32.0,0.2,piggyback,0.7535616658626789,0.9127166525568813,2.507098536742241,0.6000167229458112,9.484182760894777,34.10082997452341,18.183696962728156,0.5259205660073967,0.03826981829876186,5.717595733924409,0.3793053545586107,0.045168033445891625,0.5755266119954977,51.32072735728568,0.6456851276456679
32.0,0.3,recserve,0.5941148094548963,0.8915612988874885,0.8963268371120758,0.10062439298922655,17.01253026466247,63.75422769826224,31.070951931718877,0.0,0.0,nan,0.7000160797555877,0.2104518411320148,0.0895320791123975,31.070951931718877,0.0
32.0,0.3,recserve_no_onu,0.6491236533204695,0.897679561780608,1.2764138929088278,0.31910347322720695,5.9022538349572296,16.17887134627667,20.969744341259457,0.0,0.2999839202444123,nan,0.7000160797555877,0.0,0.2999839202444123,38.19433034533565,0.45097232621541916
32.0,0.3,static_day,0.9161923138768291,0.9363967298988201,4.138506512301013,1.0340772471458433,9.619819963276381,15.30531465411874,16.92608832695291,0.9953368708795627,0.0,nan,0.003392828429007879,0.0009487055796751889,0.9956584659913169,nan,nan
32.0,0.3,static_hour,0.8969930857050973,0.9334973671471785,3.9272145682585626,0.9782406817816369,9.671328921059208,15.731772295587653,13.054427755622214,0.9244733880045023,0.014005467116899824,nan,0.052918475639170286,0.006078147612156295,0.9410033767486734,nan,nan
32.0,0.3,broadcast,0.9005949509567455,0.9340794632513623,3.972144171088599,0.9887682103232032,9.79821771792725,15.787114444875586,11.451596896835401,0.9413249718604277,0.006898215147129763,0.042323220046964975,0.041421450393954014,0.00726804952564721,0.9513105000803987,nan,nan
32.0,0.3,oracle,0.9009326258240875,0.9340901259910348,3.9740674063354238,0.9891856890175269,9.804528396076721,15.772030008271887,11.443157198763394,0.9419520823283486,0.006769577102428043,nan,0.040922977970734846,0.007316288792410355,0.9517607332368548,nan,nan
32.0,0.3,piggyback,0.8259527255185721,0.9234644226939464,3.1944332850940667,0.7788840006431902,10.21622533653528,20.498383680910553,17.72097660812971,0.6868146004180736,0.046181058047917674,4.0716347558432355,0.21932786621643352,0.0336227689339122,0.7470493648496543,61.770929892750054,0.7131178591791025
32.0,0.4,recserve,0.638880849011095,0.8995892274981788,1.271857790641582,0.17463034249879403,22.227045078089297,68.3375413655072,36.963595467265286,0.0,0.0,nan,0.6001929570670526,0.2398938736131211,0.15991316931982633,36.963595467265286,0.0
32.0,0.4,recserve_no_onu,0.6955137481910275,0.905447639867653,1.6911394114809455,0.42278485287023637,6.844407466347103,17.21503257165215,22.73207926861393,0.0,0.39980704293294744,nan,0.6001929570670526,0.0,0.39980704293294744,43.82629214585418,0.4813141117902143
32.0,0.4,static_day,0.9172374979900305,0.9365278626421045,4.147544589162245,1.036558851905451,9.619614010092969,15.301836129799566,17.098516410698487,0.9977166747065445,0.0,nan,0.0013828589805434958,0.0005788712011577424,0.9980382698182988,nan,nan
32.0,0.4,static_hour,0.9020421289596399,0.934328823816314,3.976086155330439,0.9901509567454575,9.854169112020172,15.889603688321143,13.582484476780756,0.9324811062871844,0.01580639974272391,nan,0.040890818459559414,0.006431902235086027,0.9526772793053545,nan,nan
32.0,0.4,broadcast,0.9048239266763145,0.934754907885937,4.011103489306962,0.9985275124618106,9.932311319169331,15.88765585580076,12.166813367306078,0.9469689660717157,0.009085061907059013,0.04296765997782265,0.03227206946454414,0.007026853191831484,0.9607010773436244,nan,nan
32.0,0.4,oracle,0.9048239266763145,0.9347537690367294,4.011536292008362,0.9987683068017366,9.921580468937327,15.880304212283733,12.069530275727272,0.9471619231387682,0.009326258240874739,nan,0.03214343141984242,0.006769577102428043,0.9610869914777296,nan,nan
32.0,0.4,piggyback,0.8674063354237016,0.929571108208444,3.6063570027335583,0.8887945650426113,10.407474894721656,18.1871446145937,17.69395786414061,0.7916867663611513,0.04809454896285576,2.8930200000376423,0.12502009969448463,0.021402154687248754,0.8535777456182666,69.38542199564354,0.7449902680529701
32.0,0.5,recserve,0.6883260974433189,0.9072012726291585,1.6687214021546872,0.26721521144878596,27.46212514413932,72.4284730537536,42.904741071765066,0.0,0.0,nan,0.49942112879884226,0.2502974754783727,0.250281395722785,42.904741071765066,0.0
32.0,0.5,recserve_no_onu,0.7429329474191992,0.9125133174041131,2.10626512301013,0.5265662807525325,7.802002787543615,17.670879663287888,24.422684875180096,0.0,0.5005788712011577,nan,0.49942112879884226,0.0,0.5005788712011577,49.92327809498189,0.5107956487009018
32.0,0.5,static_day,0.917494774079434,0.9365772414057855,4.150246406174626,1.0373447499598005,9.614173129603287,15.294686304384099,17.082917738307714,0.9985528219971056,0.0,nan,0.0007557485126226081,0.00036983437851744654,0.9988744171088599,nan,nan
32.0,0.5,static_hour,0.9082489146164978,0.935269103687549,4.040281942434475,1.0065169159028782,10.014813783221884,15.972895413333392,14.402562723949606,0.9496542852548642,0.012461810580479177,nan,0.02532561505065123,0.0058530310339282845,0.9688213539154205,nan,nan
32.0,0.5,broadcast,0.9083453931500242,0.9352929361169054,4.044632127351664,1.0076282682103233,10.012882031135439,15.932963174800058,13.007366992835568,0.9519697700594951,0.011191509889049687,0.043079855483361046,0.024521627271265476,0.005901270300691429,0.9695771024280431,nan,nan
32.0,0.5,oracle,0.9085061907059012,0.9353007505954425,4.044323331725358,1.0077948062389452,9.98705770484144,15.904046530713636,12.934583721704998,0.9519215307927319,0.01183470011255829,nan,0.02456986653802862,0.005467116899823122,0.9699630165621482,nan,nan
32.0,0.5,piggyback,0.8919440424505547,0.9330347276003595,3.855092555073163,0.9568618266602348,10.266402560232061,16.93300139001394,17.348007329856042,0.8632738382376588,0.044926837112075894,2.1025924566924927,0.0686283968483679,0.011593503778742563,0.9197780993728896,nan,nan
32.0,0.6,recserve,0.7376587875864287,0.9144656981797115,2.099630615854639,0.381991847563917,32.63764441582806,74.68698912119451,49.22983882412615,0.0,0.0,nan,0.4005145521788069,0.24021546872487537,0.35926997909631775,49.22983882412615,0.0
32.0,0.6,recserve_no_onu,0.7833252934555395,0.9187819448521916,2.514530696253417,0.6286326740633542,8.736605965739734,18.072988217682997,26.21369977721427,0.0,0.5994854478211931,nan,0.4005145521788069,0.0,0.5994854478211931,55.234008120559984,0.5254065263560579
32.0,0.6,static_day,0.9175912526129603,0.9365934306469711,4.151281685158386,1.0376355523396044,9.613223110590885,15.292378404676265,17.077898342068437,0.9988422575976845,0.0,nan,0.0005306319343945972,0.00030551535616658626,0.9991638527094389,nan,nan
32.0,0.6,static_hour,0.9117543013346198,0.9358228777147566,4.081365910918154,1.0174551696414214,10.059840860881184,15.942522920885327,14.997651909894806,0.962469850458273,0.009503135552339604,nan,0.015726000964785335,0.004807846920726805,0.9794661521144878,nan,nan
32.0,0.6,broadcast,0.9113362276893391,0.935741264825525,4.07548618748995,1.016098392024441,10.044444409935041,15.923583042704056,13.95597422380336,0.9578549606045988,0.012895963981347484,0.042903660779093335,0.01747869432384628,0.0045988100980865095,0.9779224955780672,nan,nan
32.0,0.6,oracle,0.9115774240231549,0.9357786672613698,4.078263933108217,1.0171689821514713,10.00023769025589,15.860909859437372,13.886873088338216,0.9588197459398617,0.013651712493970092,nan,0.01694806238945168,0.0039716996301656215,0.9790802379803827,nan,nan
32.0,0.6,piggyback,0.9053384788551214,0.9349118402924755,3.997142209358418,0.9960744331886155,10.059123379492725,16.179951409224675,17.24133868389814,0.908972503617945,0.04103553625984885,1.5562358365942326,0.0365010451841132,0.005483196655410838,0.9580157581604759,nan,nan
32.0,0.7,recserve,0.788712011577424,0.9213175974271887,2.5633470976041166,0.5155659752371764,38.14992864579617,78.37571993879004,55.942246400244954,0.0,0.0,nan,0.30091654606849977,0.20979257115291847,0.4892908827785818,55.942246400244954,0.0
32.0,0.7,recserve_no_onu,0.8256954494291687,0.9245233087950754,2.9246105804791767,0.7311526451197942,9.686438689180214,18.390599656721566,27.743694806133433,0.0,0.6990834539315003,nan,0.30091654606849977,0.0,0.6990834539315003,61.73066264927852,0.5505686539644219
32.0,0.7,static_day,0.9176716513908989,0.9366090525145705,4.1524734844830355,1.0379454092297795,9.614298874732834,15.292378404676265,17.07497396650272,0.9991477729538512,0.0,nan,0.000241196333815726,0.0002894356005788712,0.9994693680656054,nan,nan
32.0,0.7,static_hour,0.9143753014954172,0.9361769106355775,4.109513040681782,1.0252001768773114,10.063744928356662,15.890257682822831,15.697559629188438,0.9707187650747708,0.0085383502170767,nan,0.009326258240874739,0.00358578549606046,0.9870879562630648,nan,nan
32.0,0.7,broadcast,0.9141823444283647,0.9361149614707338,4.103939443640456,1.0238936484965429,10.068393299670904,15.912496836333347,15.050953088822997,0.9648174947740794,0.012879884225759768,0.04282845076196942,0.01085383502170767,0.0035053867181218845,0.9856407782601705,nan,nan
32.0,0.7,oracle,0.9143913812510049,0.9361522177235106,4.107927383823766,1.0251484322238302,10.014452048247227,15.82860387245525,14.990329511922276,0.967213378356649,0.012670847403119473,nan,0.010049847242321917,0.0030390738060781476,0.9869110789515999,nan,nan
32.0,0.7,piggyback,0.9128477247145843,0.9359249569258525,4.083567615372247,1.0192088277858178,9.95339451947768,15.864728985891157,17.29909186409263,0.9465991316931983,0.0284933269014311,1.2762124156082952,0.016144074610065926,0.0028621964946132818,0.9809937288953208,nan,nan
32.0,0.8,recserve,0.8328670204212896,0.9275633671316452,3.048275542691751,0.6635375462292973,43.883821800183064,81.56490021148794,62.853112061047625,0.0,0.0,nan,0.20102910435761376,0.16129602830036985,0.6376748673420164,62.853112061047625,0.0
32.0,0.8,recserve_no_onu,0.8557806721337836,0.9295404708331336,3.3352620035375464,0.8338155008843866,10.641900898771452,18.64990346942519,29.33705453222353,0.0,0.7989708956423862,nan,0.20102910435761376,0.0,0.7989708956423862,67.18669756235079,0.5633502524067644
32.0,0.8,static_day,0.9177520501688374,0.936615628654872,4.1530363402476285,1.0381213860749317,9.612757045005441,15.287616960596791,17.071520283018142,0.9993246502653159,0.0,nan,0.00012863804470172053,0.00022511657822801094,0.9996462453770703,nan,nan
32.0,0.8,static_hour,0.916304872165943,0.9364297330904517,4.132670847403119,1.0323951117543013,9.844530333408107,15.590096750836361,16.365624464247734,0.9774722624216112,0.012670847403119473,nan,0.004679208876025085,0.0012703006914294903,0.9940504904325455,nan,nan
32.0,0.8,broadcast,0.916369191188294,0.9364386095102116,4.13266512301013,1.032009487055797,9.93578156465431,15.701838908300067,15.844596831806463,0.9772793053545586,0.01078951599935681,0.04189165503302532,0.004389773275446213,0.0018813314037626628,0.9937288953207911,nan,nan
32.0,0.8,oracle,0.916369191188294,0.9364416037383004,4.133324682424827,1.0320001929570672,9.98073118010036,15.749043079017436,15.72935478238283,0.9778903360668918,0.00935841775205017,nan,0.004148576941630487,0.002170767004341534,0.993680656054028,nan,nan
32.0,0.8,piggyback,0.916706866055636,0.9364808535567807,4.136249364849655,1.033616658626789,9.7253276121129,15.453859175645716,17.211960816767473,0.9787747226242162,0.014905933429811866,0.9840337257038173,0.004148576941630487,0.000723589001447178,0.9951278340569223,nan,nan
32.0,0.9,recserve,0.8723749799003055,0.9331021165827227,3.5887627271265474,0.839924296510693,49.91386860338588,84.77218576065107,70.325125799084,0.0,0.0,nan,0.10115774240231548,0.09075414053706383,0.8080881170606207,70.325125799084,0.0
32.0,0.9,recserve_no_onu,0.886959318218363,0.9338501280697922,3.740341148094549,0.9350852870236372,11.599477300414692,18.886005775835628,31.068640947536114,0.0,0.8988422575976845,nan,0.10115774240231548,0.0,0.8988422575976845,nan,nan
32.0,0.9,static_day,0.9177681299244251,0.9366203049389815,4.153459430776652,1.0382942756070108,9.609598293309318,15.284694175833776,17.065905223373633,0.9995015275767808,0.0,nan,6.431902235086026e-05,0.00011255828911400547,0.9998231226885351,nan,nan
32.0,0.9,static_hour,0.9175590931017849,0.9365943485401765,4.150039684836791,1.0373126869271587,9.687314818670488,15.366387494970645,16.953522211146936,0.9929088277858177,0.004357613764270783,nan,0.0008039877793857533,0.00030551535616658626,0.9988904968644476,nan,nan
32.0,0.9,broadcast,0.9175590931017849,0.9366070336747944,4.151605306319344,1.0375227689339122,9.759987932968796,15.44161351377817,16.925974174418908,0.9971538832609744,0.0008200675349734684,0.04109020945057995,0.0002894356005788712,0.0005949509567454575,0.9991156134426756,nan,nan
32.0,0.9,oracle,0.9174786943238463,0.9365887717235615,4.148917800289436,1.036956906255025,9.720811271653314,15.410853649497069,16.71025620311108,0.9899501527576781,0.006480141501849172,nan,0.0009969448464383342,0.00041807364528059174,0.9985849815082811,nan,nan
32.0,0.9,piggyback,0.9177038109020743,0.9366112982048811,4.151649750763789,1.0377293133944363,9.656149794184666,15.325772330468519,17.113036556174826,0.9963820549927641,0.0018170123814118025,0.9015902021631754,0.0004502331564560219,0.0002894356005788712,0.9992603312429651,nan,nan
