peak_load,beta,policy,accuracy,mean_confidence,comm_MB_per_1k_queries,J_per_query,forwarded_on_arrival,skipped_on_escalation,olt_rate_error,final_user,final_onu,final_olt,J_stepwise_same_accuracy,saving_same_accuracy
2.0,0.1,stepwise,0.5034732272069464,0.8758970676955566,0.25553449107573567,35.40682240727203,0.0,0.0,nan,0.8995176073323685,0.09064158224794983,0.009840810419681621,35.40682240727203,0.0
2.0,0.1,skip_onu,0.5336870879562631,0.8794798315324287,0.43443010130246024,45.90100081694131,0.0,0.10048239266763145,nan,0.8995176073323685,0.0,0.10048239266763145,51.8147726572259,0.11413293037887862
2.0,0.1,schedule,0.5154526451197942,0.8773362380243533,0.32762167551053223,35.32864977413363,0.0,0.040167229458112234,nan,0.8995176073323685,0.054446052420003214,0.04603634024762824,41.91236947284714,0.1570829753010925
2.0,0.1,broadcast,0.5130246020260492,0.8770286607215637,0.31168065605402795,34.329813877179646,0.0004502331564560219,0.030744492683711207,0.18859892661163094,0.8990834539315002,0.06280752532561505,0.038109020742884706,40.59379550385137,0.1543088432338735
2.0,0.1,piggyback,0.5054349573886477,0.8761604947512741,0.2676820710725197,35.241615018379605,0.0,0.007123331725357775,0.5288003379478444,0.8995176073323685,0.0842096800128638,0.016272712654767648,36.47216031599712,0.033739303812990395
2.0,0.1,oracle,0.5120276571796109,0.8769383825289732,0.30629892265637565,33.90475587675142,0.0,0.02894356005788712,nan,0.8995176073323685,0.06459237819585142,0.03589001447178003,40.052394271548486,0.15348991006922363
2.0,0.2,stepwise,0.5512301013024602,0.8839528404538392,0.5536737417591253,61.34168789016876,0.0,0.0,nan,0.7993407300209037,0.16058851905451038,0.040070750924585945,61.34168789016876,0.0
2.0,0.2,skip_onu,0.598761858819746,0.8891920084021471,0.8563206946454414,75.40721255459454,0.0,0.2006592699790963,nan,0.7993407300209037,0.0,0.2006592699790963,97.01531292406885,0.22272876021527
2.0,0.2,schedule,0.5767325936645763,0.8868137142827575,0.7174729056118347,60.11654816896766,0.0,0.10871522752854157,nan,0.7993407300209037,0.07366136034732272,0.1269979096317736,80.19641307324824,0.2503835787012122
2.0,0.2,broadcast,0.5705097282521305,0.8861048995856156,0.6774669561022673,58.409664414878925,0.0005949509567454575,0.08097764913973307,0.18790337382942798,0.7989387361312108,0.09559414696896607,0.10546711689982312,75.59566991697345,0.22734113635040043
2.0,0.2,piggyback,0.5610065926997909,0.8850623503394698,0.6178200032159511,60.549799660697225,1.6079755587715066e-05,0.042354076218041485,0.475769871882226,0.799324650265316,0.12664415500884388,0.07403119472584016,68.56972881785619,0.11696019942652158
2.0,0.2,oracle,0.5693680656054028,0.8860417818285046,0.672136388486895,57.59066467393093,0.0,0.0786621643351021,nan,0.7993407300209037,0.09770059495095675,0.10295867502813957,74.75160592706258,0.22957287726869846
2.0,0.3,stepwise,0.5941148094548963,0.8915612988874885,0.8963268371120758,93.04758452527147,0.0,0.0,nan,0.7000160797555877,0.2104518411320148,0.0895320791123975,93.04758452527147,0.0
2.0,0.3,skip_onu,0.6491236533204695,0.897679561780608,1.2764138929088278,104.593375230823,0.0,0.2999839202444123,nan,0.7000160797555877,0.0,0.2999839202444123,140.22833750352547,0.25412097802134015
2.0,0.3,schedule,0.6301977809937289,0.8955793193001298,1.1455117221418234,90.12947661019254,0.0,0.19646245377070268,nan,0.7000160797555877,0.07253577745618267,0.2274481427882296,123.85582856299186,0.27230330896899557
2.0,0.3,broadcast,0.6210001607975558,0.8945777331748807,1.0839521788068822,86.64513603170582,0.0008039877793857533,0.14647049364849654,0.18746546579165158,0.699549766843544,0.10752532561505065,0.19292490754140537,116.00274674945524,0.2530768584398825
2.0,0.3,piggyback,0.6149702524521627,0.8939378303608648,1.043867277697379,88.90178478360426,1.6079755587715066e-05,0.11640135069946937,0.3824794988020968,0.7,0.12892748030229942,0.1710725196977006,110.85431024582557,0.19803041860564896
2.0,0.3,oracle,0.6213056761537225,0.8945806869686315,1.0829318861553303,85.5266166308527,0.0,0.14799807042932947,nan,0.7000160797555877,0.10681781636919119,0.1931661038752211,116.26360086563918,0.2643732346661779
2.0,0.4,stepwise,0.638880849011095,0.8995892274981788,1.271857790641582,131.26957712821863,0.0,0.0,nan,0.6001929570670526,0.2398938736131211,0.15991316931982633,131.26957712821863,0.0
2.0,0.4,skip_onu,0.6955137481910275,0.905447639867653,1.6911394114809455,133.6309376117762,0.0,0.39980704293294744,nan,0.6001929570670526,0.0,0.39980704293294744,181.31584126155806,0.2629935879733407
2.0,0.4,schedule,0.6822640295867503,0.9040476070910743,1.5914785013667792,121.67741792801665,0.0,0.3046952886316128,nan,0.6001929570670526,0.05713137160315163,0.34267567132979576,169.21421683399223,0.280926743599869
2.0,0.4,broadcast,0.673082489146165,0.9031343167856849,1.5269856246985045,118.65767943316274,0.0010612638687891945,0.24079433992603314,0.18669838573349382,0.5994532883100177,0.09546550892426435,0.305081202765718,161.18367966868584,0.26383564590990594
2.0,0.4,piggyback,0.6703971699630166,0.9028026227853916,1.5048015436565365,120.73945297070938,0.0,0.22278501366779224,0.30426260958610524,0.6001929570670526,0.10654446052420004,0.29326258240874736,158.83499366762425,0.23984349932756654
2.0,0.4,oracle,0.6750924585946294,0.903287417190806,1.5376890496864448,117.66631321596257,0.0,0.25451037144235406,nan,0.6001929570670526,0.08774722624216112,0.3120598166907863,162.9416781724745,0.2778623950870799
2.0,0.5,stepwise,0.6883260974433189,0.9072012726291585,1.6687214021546872,174.51634032141874,0.0,0.0,nan,0.49942112879884226,0.2502974754783727,0.250281395722785,174.51634032141874,0.0
2.0,0.5,skip_onu,0.7429329474191992,0.9125133174041131,2.10626512301013,162.90843488390882,0.0,0.5005788712011577,nan,0.49942112879884226,0.0,0.5005788712011577,226.65784602927644,0.28125834716144515
2.0,0.5,schedule,0.7359382537385432,0.9118361966602643,2.0515887763305996,156.16087266746123,0.0,0.43688695931821836,nan,0.49942112879884226,0.03146808168515838,0.4691107895159994,219.55732977052946,0.2887467121654608
2.0,0.5,broadcast,0.7287023637240714,0.9111591601782006,1.996073130728413,153.83867933977947,0.0015758160475960765,0.3693519858498151,0.18658392694357462,0.49871361955298277,0.06515516964142146,0.43613121080559575,212.71219459589258,0.2767754588210616
2.0,0.5,piggyback,0.7293777134587555,0.9111445556651367,1.9949084097121723,155.87841332101922,0.0,0.3719086669882618,0.24185269723016345,0.49942112879884226,0.06441550088438655,0.43616337031677116,213.35107387885873,0.2693806949876082
2.0,0.5,oracle,0.7292169159028783,0.9112282262812538,1.9995874577906416,152.44107074097084,0.0,0.3783727287345232,nan,0.49942112879884226,0.06124778903360669,0.43933108216755107,213.19895976386678,0.2849821082156765
2.0,0.6,stepwise,0.7376587875864287,0.9144656981797115,2.099630615854639,221.1849508009431,0.0,0.0,nan,0.4005145521788069,0.24021546872487537,0.35926997909631775,221.1849508009431,0.0
2.0,0.6,skip_onu,0.7833252934555395,0.9187819448521916,2.514530696253417,190.341762515539,0.0,0.5994854478211931,nan,0.4005145521788069,0.0,0.5994854478211931,268.57221436334123,0.29128274506448837
2.0,0.6,schedule,0.7821836308088117,0.9186807769340695,2.504122045344911,189.32900892600486,9.64785335262904e-05,0.5838076861231709,nan,0.40048239266763147,0.006174626145682586,0.5933429811866859,267.3875327742813,0.29193030444755463
2.0,0.6,broadcast,0.7830519376105484,0.9187823724645826,2.5136602026049206,190.04932522237505,0.003987779385753337,0.5879080237980383,0.18974494230088088,0.39913169319826336,0.0037465830519376104,0.597121723749799,268.2885582082142,0.2916234427154326
2.0,0.6,piggyback,0.7819906737417591,0.9186512684676855,2.5014744492683714,189.8657360961766,0.0001447178002894356,0.5808007718282682,0.18532363690404102,0.4004663129120437,0.007686123170927802,0.5918475639170284,267.18730490007397,0.28939087818118847
2.0,0.6,oracle,0.7817655571635311,0.9186475683001872,2.501624602026049,188.98916340671158,0.0003376748673420164,0.5787104036018652,nan,0.4003698343785174,0.008023798038269818,0.5916063675832127,266.9537057134988,0.29205266920123085
2.0,0.7,stepwise,0.788712011577424,0.9213175974271887,2.5633470976041166,274.1619091849621,0.0,0.0,nan,0.30091654606849977,0.20979257115291847,0.4892908827785818,274.1619091849621,0.0
2.0,0.7,skip_onu,0.8256954494291687,0.9245233087950754,2.9246105804791767,218.6591194566238,0.0,0.6990834539315003,nan,0.30091654606849977,0.0,0.6990834539315003,324.5828782138018,0.32633809688324444
2.0,0.7,schedule,0.8344106769577102,0.9256509860303962,3.039167518893713,221.12040949110718,0.09310178485287024,0.632899179932465,nan,0.27261617623412127,0.000482392667631452,0.7269014310982473,336.9590005120993,0.34377651537707676
2.0,0.7,broadcast,0.8285415661681943,0.9249185088546288,2.9648459237819584,219.29688988147495,0.03312429651069304,0.674208072037305,0.1899023442760691,0.2909310178485287,0.0005788712011577424,0.7084901109503136,328.4631006129777,0.33235456441766764
2.0,0.7,piggyback,0.8284772471458434,0.9248615433744347,2.9585016883743367,218.9525196621242,0.030197780993728895,0.6727930535455862,0.16396789226252315,0.2919440424505548,0.001704454092297797,0.7063515034571475,328.3754119711883,0.3332249867680863
2.0,0.7,oracle,0.8288953207911239,0.92493228971157,2.9683033606689175,219.17362075862255,0.035504100337674864,0.6727448142788229,nan,0.2901752693359061,0.0005467116899823122,0.7092780189741116,328.9453881428186,0.33370818178650474
2.0,0.8,stepwise,0.8328670204212896,0.9275633671316452,3.048275542691751,334.3601617733071,0.0,0.0,nan,0.20102910435761376,0.16129602830036985,0.6376748673420164,334.3601617733071,0.0
2.0,0.8,skip_onu,0.8557806721337836,0.9295404708331336,3.3352620035375464,248.1421273937746,0.0,0.7989708956423862,nan,0.20102910435761376,0.0,0.7989708956423862,372.936674302254,0.3346266417534929
2.0,0.8,schedule,0.883518250522592,0.9327155589768051,3.702120566007397,259.00178060846685,0.44934876989869754,0.43876829072198104,nan,0.11077343624376909,0.0003376748673420164,0.8888888888888888,nan,nan
2.0,0.8,broadcast,0.8700273355844991,0.9311891108392475,3.5252789194404244,252.80524998776124,0.2328509406657019,0.6117060620678566,0.18993910090383403,0.15406013828589804,0.00041807364528059174,0.8455217880688214,396.92179016235696,0.36308548370611315
2.0,0.8,piggyback,0.8721498633220776,0.9313665028420391,3.545826885351343,253.28366534056374,0.2575816047596077,0.5916385270943881,0.14998604490807071,0.14917189258723268,0.0005467116899823122,0.850281395722785,400.4951934281964,0.3675737699309637
2.0,0.8,oracle,0.9149702524521627,0.9363032137596928,4.11733404084258,288.57714398056964,0.9576941630487217,0.03199871361955298,nan,0.008650908506190706,0.0005467116899823122,0.990802379803827,nan,nan
2.0,0.9,stepwise,0.8723749799003055,0.9331021165827227,3.5887627271265474,400.8741907442702,0.0,0.0,nan,0.10115774240231548,0.09075414053706383,0.8080881170606207,400.8741907442702,0.0
2.0,0.9,skip_onu,0.886959318218363,0.9338501280697922,3.740341148094549,277.3574408905548,0.0,0.8988422575976845,nan,0.10115774240231548,0.0,0.8988422575976845,nan,nan
2.0,0.9,schedule,0.9162083936324168,0.9364833354661116,4.132492683711208,289.0175895986096,0.9500080398777938,0.04397813153240071,nan,0.005177681299244252,0.00017687731146486573,0.9946454413892909,nan,nan
2.0,0.9,broadcast,0.9170927801897412,0.9365618726789668,4.14452423219167,290.1437566100633,0.9796912686927158,0.016996301656214824,0.18996394963377955,0.0022672455378678243,0.00022511657822801094,0.9975076378839042,nan,nan
2.0,0.9,piggyback,0.917157099212092,0.9365690510911248,4.145234024762824,290.2424013615748,0.9815404405853031,0.015565203408908185,0.1370440955953497,0.002090368226402959,0.00016079755587715066,0.9977488342177199,nan,nan
2.0,0.9,oracle,0.9172053384788551,0.9365751647230033,4.146548383984564,290.34158268352206,0.9845151953690304,0.012944203248110629,nan,0.0018009326258240875,0.0001447178002894356,0.9980543495738865,nan,nan
4.0,0.1,stepwise,0.5034732272069464,0.8758970676955566,0.25553449107573567,34.14382421195402,0.0,0.0,nan,0.8995176073323685,0.09064158224794983,0.009840810419681621,34.14382421195402,0.0
4.0,0.1,skip_onu,0.5336870879562631,0.8794798315324287,0.43443010130246024,29.276623663467507,0.0,0.10048239266763145,nan,0.8995176073323685,0.0,0.10048239266763145,47.53906031859401,0.384156450143031
4.0,0.1,schedule,0.5537546229297314,0.8827029783879302,0.6521724714584339,28.112525517852234,0.06761537224634186,0.07637883904164657,nan,0.8390577263225599,0.015131050008039878,0.14581122366940022,56.67522097077971,0.5039714881333003
4.0,0.1,broadcast,0.5517285737256794,0.8825002746448893,0.6395624698504582,27.256870967075535,0.06825856246985046,0.06703650104518412,0.26263197755871437,0.8381090207428847,0.023862357292169158,0.13802862196494614,55.584950524675115,0.5096357789330812
4.0,0.1,piggyback,0.5175912526129602,0.8776107304919227,0.34125277375783886,30.748736055531396,0.0010451841132014794,0.045586107091172216,2.172197067950235,0.898584981508281,0.049204052098408106,0.05221096639331082,40.40301383496088,0.23894944616917668
4.0,0.1,oracle,0.5416626467277698,0.8810004210700316,0.5466151792892748,26.60600855943697,0.04309374497507638,0.06975397973950796,nan,0.8605724392989227,0.02389451680334459,0.11553304389773275,51.07500343136327,0.479079652041703
4.0,0.2,stepwise,0.5512301013024602,0.8839528404538392,0.5536737417591253,55.316709383173155,0.0,0.0,nan,0.7993407300209037,0.16058851905451038,0.040070750924585945,55.316709383173155,0.0
4.0,0.2,skip_onu,0.598761858819746,0.8891920084021471,0.8563206946454414,42.87585800263007,0.0,0.2006592699790963,nan,0.7993407300209037,0.0,0.2006592699790963,81.1629011794885,0.47173083539963867
4.0,0.2,schedule,0.6378035053867182,0.8952289847855365,1.2809616015436565,41.09754247145078,0.14087473870397169,0.1482392667631452,nan,0.6871683550410034,0.01887763305997749,0.29395401189901915,104.42465920121808,0.6064383375936229
4.0,0.2,broadcast,0.6170767004341534,0.8924863143104987,1.092574175912526,39.0902760387968,0.09147772953851102,0.14063354237015596,0.2618063156668638,0.7264190384306158,0.03312429651069304,0.24045666505869112,92.07523329923725,0.5754528700268781
4.0,0.2,piggyback,0.591252612960283,0.8886439119893622,0.8387773597041326,43.157525932886294,0.02405531435922174,0.1313876829072198,1.4266192767337829,0.7799967840488825,0.05148737739186365,0.1685158385592539,76.85387716376403,0.4384469915431317
4.0,0.2,oracle,0.6141501849171893,0.8918589377778567,1.0545216594307767,38.280188764714815,0.07912847724714585,0.14336710082006754,nan,0.7362116095835344,0.03296349895481589,0.23082489146164978,90.33155951012904,0.5762257513065254
4.0,0.3,stepwise,0.5941148094548963,0.8915612988874885,0.8963268371120758,78.39410049238803,0.0,0.0,nan,0.7000160797555877,0.2104518411320148,0.0895320791123975,78.39410049238803,0.0
4.0,0.3,skip_onu,0.6491236533204695,0.897679561780608,1.2764138929088278,56.091747071676146,0.0,0.2999839202444123,nan,0.7000160797555877,0.0,0.2999839202444123,111.03671703137724,0.4948360454873184
4.0,0.3,schedule,0.6890979257115292,0.9034993641194201,1.7133115935037788,53.6890565854678,0.16385270943881652,0.2240231548480463,nan,0.5852227046148899,0.018925872326740634,0.3958514230583695,134.36519057239735,0.6004243632093121
4.0,0.3,broadcast,0.6740794339926033,0.9016360031852544,1.5784884386557325,51.58152543785103,0.1276410998552822,0.2111915098890497,0.261470163298625,0.6107734362437691,0.03516642547033285,0.35406013828589805,125.58252867982767,0.589261930141907
4.0,0.3,piggyback,0.6538511014632578,0.8987212725999713,1.3685488985367422,55.047464935488584,0.06136034732272069,0.2154848046309696,0.9864816354584547,0.6570670525808008,0.04632577584820711,0.29660717157099215,113.79217361942135,0.516245597701691
4.0,0.3,oracle,0.6736774401029104,0.9015165335590887,1.571480527415983,50.87918464407789,0.12463418556037949,0.2125743688695932,nan,0.6127351664254703,0.03503778742563113,0.35222704614889855,125.34822114683074,0.5940972741489574
4.0,0.4,stepwise,0.638880849011095,0.8995892274981788,1.271857790641582,105.06656109061502,0.0,0.0,nan,0.6001929570670526,0.2398938736131211,0.15991316931982633,105.06656109061502,0.0
4.0,0.4,skip_onu,0.6955137481910275,0.905447639867653,1.6911394114809455,69.54368875999754,0.0,0.39980704293294744,nan,0.6001929570670526,0.0,0.39980704293294744,138.34523987114716,0.49731780562331185
4.0,0.4,schedule,0.748528702363724,0.9129185836335995,2.284218137964303,68.26725204280555,0.2525164817494774,0.2711850779868146,nan,0.4485769416304872,0.016320951921530793,0.535102106447982,171.92885802848747,0.6029331385921605
4.0,0.4,broadcast,0.7265637562309053,0.9100512690246062,2.0570238945168033,65.41901340549343,0.1711850779868146,0.27965910918154047,0.2610941511524074,0.4974433188615533,0.030921369995176074,0.4716353111432706,157.6070824673523,0.5849233906157439
4.0,0.4,piggyback,0.7123814118025406,0.9080173483143268,1.9021032320308733,68.52427948640131,0.1125904486251809,0.29289274803022997,0.6959374135518055,0.532786621643351,0.0371442354076218,0.43006914294902715,148.8090787543264,0.5395154646476228
4.0,0.4,oracle,0.7319987136195529,0.9107367867353444,2.1152053384788547,64.93742123561863,0.19282842900787908,0.2754462132175591,nan,0.4849815082810741,0.028043093744975076,0.4869753979739508,160.9786530512556,0.5966084943266201
4.0,0.5,stepwise,0.6883260974433189,0.9072012726291585,1.6687214021546872,133.88638764923948,0.0,0.0,nan,0.49942112879884226,0.2502974754783727,0.250281395722785,133.88638764923948,0.0
4.0,0.5,skip_onu,0.7429329474191992,0.9125133174041131,2.10626512301013,82.600447985957,0.0,0.5005788712011577,nan,0.49942112879884226,0.0,0.5005788712011577,168.09932212289903,0.5086211714431126
4.0,0.5,schedule,0.8027496382054993,0.9208743371321421,2.8153561022672458,83.28050606220063,0.3554590770220293,0.29922817173178967,nan,0.32204534491075737,0.011078951599935681,0.6668757034893069,211.1192549422344,0.6055286094819371
4.0,0.5,broadcast,0.7789033606689179,0.9176761069862364,2.54251956906255,79.91455772061383,0.23170927801897412,0.3412445730824891,0.26136968044809683,0.3836951278340569,0.021273516642547032,0.595031355523396,192.71619517117884,0.5853251583260541
4.0,0.5,piggyback,0.7698826177842096,0.9163603930999537,2.4347229779707353,82.07210237762175,0.17851744653481266,0.36761537224634183,0.4752784023888119,0.41050008039877794,0.021321755909310177,0.5681781636919119,186.54271918544566,0.5600358848847254
4.0,0.5,oracle,0.7842257597684515,0.9183096725977357,2.6043230101302464,79.26871673956433,0.2584338318057566,0.33272230262100017,nan,0.37059012703006916,0.018588197459398617,0.6108216755105322,196.35865604689658,0.5963064815404293
4.0,0.6,stepwise,0.7376587875864287,0.9144656981797115,2.099630615854639,164.48987448774668,0.0,0.0,nan,0.4005145521788069,0.24021546872487537,0.35926997909631775,164.48987448774668,0.0
4.0,0.6,skip_onu,0.7833252934555395,0.9187819448521916,2.514530696253417,96.03810159803916,0.0,0.5994854478211931,nan,0.4005145521788069,0.0,0.5994854478211931,195.74240888967543,0.5093648732392566
4.0,0.6,schedule,0.8437208554429972,0.9268135898701274,3.2517485769416306,98.55184450641201,0.4534651873291526,0.31783244894677604,nan,0.21907059012703006,0.0038269818298761857,0.7771024280430937,247.14148994062882,0.6012331052544546
4.0,0.6,broadcast,0.8248271426274321,0.9242262525002441,3.0125569705740474,94.91882364460025,0.3088277858176556,0.3989387361312108,0.26381631114500437,0.2762019617301817,0.006238945168033446,0.7175590931017849,229.50513651009376,0.5864196109596629
4.0,0.6,piggyback,0.8211770381090208,0.9237984855845979,2.9735705418877636,95.59027028574604,0.2806560540279788,0.4276571796108699,0.34789111298413855,0.2876346679530471,0.0017366136034732273,0.7106287184434796,226.4653731336159,0.5779033723210867
4.0,0.6,oracle,0.8285737256793697,0.9247119137660171,3.0598193278662165,94.73005381108652,0.335439781315324,0.3915581283164496,nan,0.2661681942434475,0.0027657179610869917,0.7310660877954656,232.62524605511288,0.5927782757137059
4.0,0.7,stepwise,0.788712011577424,0.9213175974271887,2.5633470976041166,199.4288874194804,0.0,0.0,nan,0.30091654606849977,0.20979257115291847,0.4892908827785818,199.4288874194804,0.0
4.0,0.7,skip_onu,0.8256954494291687,0.9245233087950754,2.9246105804791767,109.89826331352101,0.0,0.6990834539315003,nan,0.30091654606849977,0.0,0.6990834539315003,230.22825202696518,0.5226551809086866
4.0,0.7,schedule,0.8846438334137321,0.9322616846646598,3.710612767325937,114.16866586244785,0.6390255668113844,0.24873773918636435,nan,0.10815243608297154,0.0014632577584820711,0.8903843061585464,nan,nan
4.0,0.7,broadcast,0.86523556841936,0.929739191883449,3.45228152436083,109.26161632255595,0.4275124618105805,0.3961569384145361,0.2649874875598494,0.17179610869914777,0.0015114970252452162,0.826692394275607,268.82866490019165,0.5935641150354198
4.0,0.7,piggyback,0.8653642064640618,0.9297433990917462,3.456321144878598,109.63963061305097,0.4304389773275446,0.3957388647692555,0.3059383690895189,0.17100820067534975,0.0010130246020260492,0.8279787747226243,268.95833410772275,0.5923545891344706
4.0,0.7,oracle,0.8721337835664897,0.9305877302228185,3.5400419360025723,109.62911621143475,0.49874577906415823,0.3481106287184435,nan,0.150393954011899,0.0009165460684997588,0.8486894999196012,275.78217615404253,0.6024793271984348
4.0,0.8,stepwise,0.8328670204212896,0.9275633671316452,3.048275542691751,236.2006505551991,0.0,0.0,nan,0.20102910435761376,0.16129602830036985,0.6376748673420164,236.2006505551991,0.0
4.0,0.8,skip_onu,0.8557806721337836,0.9295404708331336,3.3352620035375464,123.8664187609008,0.0,0.7989708956423862,nan,0.20102910435761376,0.0,0.7989708956423862,259.2979781466619,0.5223008692692523
4.0,0.8,schedule,0.9055475156777617,0.9351778435571093,3.9859461328187815,126.08254656687444,0.7957871040360186,0.16198745779064158,nan,0.041196333815726,0.0002894356005788712,0.9585142305836951,nan,nan
4.0,0.8,broadcast,0.8962051776812993,0.9341251689233414,3.8669713137160318,122.58898696003331,0.6495738864769256,0.27830840971217236,0.26534054635156284,0.070541887763306,0.000482392667631452,0.9289757195690626,nan,nan
4.0,0.8,piggyback,0.8972182022833253,0.9342725476702461,3.8808909470976043,123.38514348521025,0.6661038752210966,0.26473709599614087,0.2746734934110658,0.06697218202283325,0.0006914294902717479,0.932336388486895,nan,nan
4.0,0.8,oracle,0.8996784048882457,0.9344904914192095,3.911556648978935,123.24051876872667,0.7012220614246664,0.2372567936967358,nan,0.06000964785335263,0.0004984724232191671,0.9394918797234282,nan,nan
4.0,0.9,stepwise,0.8723749799003055,0.9331021165827227,3.5887627271265474,276.02530591816327,0.0,0.0,nan,0.10115774240231548,0.09075414053706383,0.8080881170606207,276.02530591816327,0.0
4.0,0.9,skip_onu,0.886959318218363,0.9338501280697922,3.740341148094549,137.5238895323986,0.0,0.8988422575976845,nan,0.10115774240231548,0.0,0.8988422575976845,nan,nan
4.0,0.9,schedule,0.917494774079434,0.9365988902347896,4.149887087956262,136.00376791857641,0.9925550731628879,0.005804791767165139,nan,0.0009004663129120438,0.00022511657822801094,0.9988744171088599,nan,nan
4.0,0.9,broadcast,0.9173178967679692,0.9365809020993835,4.147638752210966,136.00930091074963,0.9866698826177842,0.0108859945328831,0.2653742298179112,0.0014793375140697861,0.00020903682264029587,0.9983116256632899,nan,nan
4.0,0.9,piggyback,0.9175751728573726,0.9366042855420544,4.151592957067052,136.1301327080034,0.9953207911239749,0.003392828429007879,0.25085659168918834,0.0005145521788068821,0.0001929570670525808,0.9992924907541405,nan,nan
4.0,0.9,oracle,0.9173339765235569,0.9365764434018858,4.1463136838720045,135.8918104077267,0.9840649622125743,0.013217559093101785,nan,0.0018170123814118025,0.00020903682264029587,0.9979739507959479,nan,nan
8.0,0.1,stepwise,0.5034732272069464,0.8758970676955566,0.25553449107573567,33.35835471885093,0.0,0.0,nan,0.8995176073323685,0.09064158224794983,0.009840810419681621,33.35835471885093,0.0
8.0,0.1,skip_onu,0.5336870879562631,0.8794798315324287,0.43443010130246024,21.84168221018837,0.0,0.10048239266763145,nan,0.8995176073323685,0.0,0.10048239266763145,45.25053277738061,0.5173165735386352
8.0,0.1,schedule,0.7766843543978131,0.9156991609462874,2.785306898215147,22.360348049778665,0.6367583212735166,0.02949027174786943,nan,0.32677279305354556,0.006206785656858016,0.6670204212895964,154.7332631706949,0.8554910069652463
8.0,0.1,broadcast,0.7336549284450876,0.9093147665515082,2.3775903521466475,18.48038625932592,0.5281878115452645,0.037288953207911237,0.27029662924002007,0.42469850458273034,0.008747387039716996,0.5665541083775527,134.71127068277607,0.8628148471493203
8.0,0.1,piggyback,0.6056279144557003,0.8902150476688105,1.1473965589323043,23.003806841917363,0.20324811062871845,0.05689017526933591,5.309313586781241,0.7169641421450393,0.020485608618748995,0.2625502492362116,76.93703424820326,0.7010047623137412
8.0,0.1,oracle,0.7351342659591574,0.9094338253280354,2.381808232834861,18.0290912429067,0.5286862839684837,0.037899983920244414,nan,0.4240874738703972,0.008297153883260975,0.5676153722463418,135.3691087826864,0.866815321419826
8.0,0.2,stepwise,0.5512301013024602,0.8839528404538392,0.5536737417591253,52.15546426320065,0.0,0.0,nan,0.7993407300209037,0.16058851905451038,0.040070750924585945,52.15546426320065,0.0
8.0,0.2,skip_onu,0.598761858819746,0.8891920084021471,0.8563206946454414,27.152925519559624,0.0,0.2006592699790963,nan,0.7993407300209037,0.0,0.2006592699790963,73.65266173420304,0.6313381637509745
8.0,0.2,schedule,0.8093584177520502,0.9205379624494515,3.035677922495578,26.45607217901388,0.6669561022672456,0.055925389934073005,nan,0.26685962373371924,0.008232834860910114,0.7249075414053706,171.84590567480467,0.8460477014268908
8.0,0.2,broadcast,0.7780028943560058,0.915869298992509,2.7174433831805755,22.573383233129107,0.572069464544139,0.0708634828750603,0.26932506372371695,0.34270783084097123,0.011529184756391702,0.6457629844026371,155.34958217700478,0.8546929903718115
8.0,0.2,piggyback,0.7120598166907863,0.9061833158831946,2.044096639331082,26.474737768588604,0.37163531114327064,0.10159189580318378,2.896906029269947,0.5027174786943238,0.019247467438494936,0.4780350538671812,125.10826450691175,0.7883853806706272
8.0,0.2,oracle,0.7806882135391542,0.9162222608805106,2.736756134426756,22.23644844673064,0.5771828268210323,0.07046148898536743,nan,0.33826981829876185,0.011255828911400546,0.6504743527898376,156.6047684459529,0.8580091227911439
8.0,0.3,stepwise,0.5941148094548963,0.8915612988874885,0.8963268371120758,71.42974918959862,0.0,0.0,nan,0.7000160797555877,0.2104518411320148,0.0895320791123975,71.42974918959862,0.0
8.0,0.3,skip_onu,0.6491236533204695,0.897679561780608,1.2764138929088278,32.43972074165291,0.0,0.2999839202444123,nan,0.7000160797555877,0.0,0.2999839202444123,97.34101950582851,0.6667415144577307
8.0,0.3,schedule,0.840971217237498,0.9255161355667845,3.336324682424827,30.83147285363405,0.7213056761537224,0.07176394918797234,nan,0.1949670365010452,0.00840971217237498,0.7966232513265799,190.31335825836453,0.8379962755332285
8.0,0.3,broadcast,0.8120919762019617,0.9212999320802386,3.0315740472744817,26.653874302193223,0.6178646084579514,0.09718604277214986,0.2685678781366641,0.2678565685801576,0.012236694002251166,0.7199067374175913,173.3672481987858,0.8462577298819933
8.0,0.3,piggyback,0.7764592378195851,0.9161389295207082,2.6418406174626146,30.208877115272493,0.48308409712172373,0.13609905129442032,1.8330691323055148,0.3618909792571153,0.012992442514873774,0.6251165782280109,154.62803797449567,0.8046351909331273
8.0,0.3,oracle,0.8175269335906095,0.9220836523204086,3.087624023154848,26.386406072559854,0.6375783888084902,0.09122045344910758,nan,0.2541083775526612,0.012220614246663451,0.7336710082006753,176.3920350994072,0.850410444793102
8.0,0.4,stepwise,0.638880849011095,0.8995892274981788,1.271857790641582,92.84355031132381,0.0,0.0,nan,0.6001929570670526,0.2398938736131211,0.15991316931982633,92.84355031132381,0.0
8.0,0.4,skip_onu,0.6955137481910275,0.905447639867653,1.6911394114809455,37.87738138383589,0.0,0.39980704293294744,nan,0.6001929570670526,0.0,0.39980704293294744,117.75048836769773,0.6783250591236891
8.0,0.4,schedule,0.8678244090689822,0.9296159579920626,3.6040570509728256,35.53292302376954,0.7817977166747065,0.07464222543817334,nan,0.1311625663289918,0.00720373050329635,0.8616337031677118,208.15289096695102,0.8292941171332989
8.0,0.4,broadcast,0.8394114809454897,0.9257004169892833,3.2964842900787907,31.53580311711639,0.6596076539636597,0.11770381090207428,0.26828898395917933,0.2042772149863322,0.011062871844347967,0.7846599131693198,189.27716983157836,0.8333882361767274
8.0,0.4,piggyback,0.821900627110468,0.9232041747398511,3.0961158707187653,34.50705560732461,0.5777938575333655,0.1511175430133462,1.2737107325603032,0.25343302781797716,0.01072519697700595,0.7358417752050169,178.82618313777704,0.8070357762949144
8.0,0.4,oracle,0.8428847081524361,0.9261900934953868,3.332795819263547,31.414253412573125,0.6732432867020421,0.11336227689339122,nan,0.1957388647692555,0.010451841132014793,0.7938092940987297,191.58455849328774,0.8360293039291382
8.0,0.5,stepwise,0.6883260974433189,0.9072012726291585,1.6687214021546872,114.55425325182924,0.0,0.0,nan,0.49942112879884226,0.2502974754783727,0.250281395722785,114.55425325182924,0.0
8.0,0.5,skip_onu,0.7429329474191992,0.9125133174041131,2.10626512301013,43.35277789960271,0.0,0.5005788712011577,nan,0.49942112879884226,0.0,0.5005788712011577,138.956999826251,0.6880129971587603
8.0,0.5,schedule,0.8841936002572761,0.9318688746591515,3.7536773114648656,39.99963591928207,0.8085705097282522,0.08382376587875864,nan,0.09581926354719408,0.005451037144235407,0.8987296993085705,nan,nan
8.0,0.5,broadcast,0.8634667953047114,0.929224919009419,3.5298253738543175,36.94251256089688,0.7007396687570349,0.13466795304711368,0.2684453179022484,0.14979900305515356,0.006930374658305194,0.8432706222865413,205.25797278489893,0.8200191102948728
8.0,0.5,piggyback,0.8562148255346519,0.9281841836556712,3.437742080720373,38.5945587772471,0.6543174143753014,0.16205177681299243,0.8327820654730913,0.1728895320791124,0.005209840810419681,0.821900627110468,200.44023071808905,0.8074510359573036
8.0,0.5,oracle,0.8664737095996141,0.9296424425149277,3.56363174143753,36.561503107176804,0.7173661360347323,0.1271104679208876,nan,0.141421450393954,0.006673098568901753,0.8519054510371442,207.25557315406402,0.82359218355012
8.0,0.6,stepwise,0.7376587875864287,0.9144656981797115,2.099630615854639,136.49172380101155,0.0,0.0,nan,0.4005145521788069,0.24021546872487537,0.35926997909631775,136.49172380101155,0.0
8.0,0.6,skip_onu,0.7833252934555395,0.9187819448521916,2.514530696253417,48.41194750241762,0.0,0.5994854478211931,nan,0.4005145521788069,0.0,0.5994854478211931,157.83740645857264,0.6932796313076506
8.0,0.6,schedule,0.8958996623251326,0.9336644188083162,3.8849110789516,44.23669454350871,0.8397330760572439,0.08972503617945007,nan,0.06493005306319344,0.0022672455378678243,0.9328027013989387,nan,nan
8.0,0.6,broadcast,0.8831001768773115,0.9320080644486846,3.7350129602830036,41.949704306711396,0.7467277697379,0.14431580639974273,0.2691957522533903,0.10162405531435922,0.0027657179610869917,0.8956102267245538,nan,nan
8.0,0.6,piggyback,0.8798681460041807,0.9315732966359761,3.6928428364688854,42.57751527904801,0.7204695288631613,0.1628557645923782,0.6309659508492429,0.11230101302460202,0.0018330921369995176,0.8858658948383985,nan,nan
8.0,0.6,oracle,0.8844669561022672,0.9321672979662349,3.7488970895642386,41.78015780907324,0.7557485126226081,0.13915420485608618,nan,0.09824730664093906,0.002653159671972986,0.899099533687088,nan,nan
8.0,0.7,stepwise,0.788712011577424,0.9213175974271887,2.5633470976041166,160.3552950819117,0.0,0.0,nan,0.30091654606849977,0.20979257115291847,0.4892908827785818,160.3552950819117,0.0
8.0,0.7,skip_onu,0.8256954494291687,0.9245233087950754,2.9246105804791767,53.78820603288281,0.0,0.6990834539315003,nan,0.30091654606849977,0.0,0.6990834539315003,180.93816452400972,0.7027260325405514
8.0,0.7,schedule,0.9078308409712172,0.935254669334822,4.017018395240392,48.02782837032617,0.8911882939379322,0.07242321916706866,nan,0.03310821675510532,0.0010934233799646245,0.96579835986493,nan,nan
8.0,0.7,broadcast,0.8993728895320792,0.9341625121994548,3.909168998231227,46.319064078549516,0.8004823926676314,0.1349091493809294,0.26944222238360016,0.0597684515195369,0.0015597362920083614,0.9386718121884547,nan,nan
8.0,0.7,piggyback,0.896896607171571,0.9338934427424305,3.8792136999517606,46.789677648551404,0.7764270783084097,0.15381894195208232,0.5290233935543694,0.06750281395722785,0.0008522270461488985,0.9316449589966233,nan,nan
8.0,0.7,oracle,0.90056279144557,0.9343033584115156,3.9234354076218043,46.31067781671994,0.812301013024602,0.1292169159028783,nan,0.056536420646406176,0.0006592699790963178,0.9428043093744976,nan,nan
8.0,0.8,stepwise,0.8328670204212896,0.9275633671316452,3.048275542691751,184.92945138104258,0.0,0.0,nan,0.20102910435761376,0.16129602830036985,0.6376748673420164,184.92945138104258,0.0
8.0,0.8,skip_onu,0.8557806721337836,0.9295404708331336,3.3352620035375464,59.108365344068666,0.0,0.7989708956423862,nan,0.20102910435761376,0.0,0.7989708956423862,200.1518071353754,0.7046823299272541
8.0,0.8,schedule,0.9134105161601543,0.936051811392314,4.0902220935841775,51.30186713103508,0.9247949831162566,0.057163531114327065,nan,0.01535616658626789,0.0008200675349734684,0.9838237658787586,nan,nan
8.0,0.8,broadcast,0.9098247306640939,0.9356772966172258,4.047052709438817,50.38666121165297,0.8702202926515517,0.10040199388969287,0.26959392842047586,0.02611352307444927,0.0009487055796751889,0.9729377713458756,nan,nan
8.0,0.8,piggyback,0.9096317735970413,0.9356299510607027,4.039585849815083,50.729570128566415,0.8616015436565364,0.10791123974915581,0.4643517704642108,0.02799485447821193,0.0009004663129120438,0.971104679208876,nan,nan
8.0,0.8,oracle,0.9112075896446374,0.9358020642344416,4.059711336227689,50.47390781629198,0.8868628396848368,0.08739347161923139,nan,0.02291365171249397,0.0008522270461488985,0.9762341212413571,nan,nan
8.0,0.9,stepwise,0.8723749799003055,0.9331021165827227,3.5887627271265474,211.17599740798693,0.0,0.0,nan,0.10115774240231548,0.09075414053706383,0.8080881170606207,211.17599740798693,0.0
8.0,0.9,skip_onu,0.886959318218363,0.9338501280697922,3.740341148094549,64.58885408329299,0.0,0.8988422575976845,nan,0.10115774240231548,0.0,0.8988422575976845,nan,nan
8.0,0.9,schedule,0.9170445409229779,0.9365388662925573,4.141991509889049,54.07091719757975,0.9729377713458756,0.023396044380125422,nan,0.0028621964946132818,0.00016079755587715066,0.9969770059495096,nan,nan
8.0,0.9,broadcast,0.9173178967679692,0.9365775637682816,4.147455089242643,54.46859475454883,0.9848689499919602,0.012751246181058048,0.2698523295284446,0.0015918958031837917,0.0001447178002894356,0.9982633863965268,nan,nan
8.0,0.9,piggyback,0.9175430133461971,0.9366034854630396,4.150736838720051,54.76143943043286,0.9934394597202123,0.005145521788068821,0.406953457082627,0.0006914294902717479,0.00017687731146486573,0.9991316931982633,nan,nan
8.0,0.9,oracle,0.9175269335906094,0.9365985157248761,4.150144846438334,54.69381189089638,0.9925068338961248,0.005965589323042289,nan,0.0008361472905611835,0.00012863804470172053,0.9990352146647371,nan,nan
16.0,0.1,stepwise,0.5034732272069464,0.8758970676955566,0.25553449107573567,32.872350575766895,0.0,0.0,nan,0.8995176073323685,0.09064158224794983,0.009840810419681621,32.872350575766895,0.0
16.0,0.1,skip_onu,0.5336870879562631,0.8794798315324287,0.43443010130246024,18.315455413842027,0.0,0.10048239266763145,nan,0.8995176073323685,0.0,0.10048239266763145,44.31630374723712,0.5867106715779766
16.0,0.1,schedule,0.8740151149702524,0.9299457256342433,3.721547033285094,13.88002436290765,0.8860588519054511,0.006608779546550893,nan,0.10237980382698184,0.004389773275446213,0.8932304228975719,nan,nan
16.0,0.1,broadcast,0.8517928927480303,0.9268624019311876,3.51886155330439,12.481609543364813,0.831998713619553,0.011352307444926837,0.11311303157808156,0.15100498472423218,0.0050329634989548155,0.8439620517768129,176.2211274297788,0.9291707542369542
16.0,0.1,piggyback,0.7550731628879241,0.9122860881773904,2.5729000160797555,15.63302667918663,0.5783084097121723,0.034410676957710246,3.524181032885296,0.37945007235890016,0.006978613925068339,0.6135713137160315,132.61598432377474,0.8821180813240473
16.0,0.1,oracle,0.8517285737256793,0.9267724694858538,3.5151001125582892,12.37609636177386,0.8307927319504743,0.011593503778742563,nan,0.15203408908184596,0.0049686444766039554,0.84299726644155,176.18718039702878,0.929755976945173
16.0,0.2,stepwise,0.5512301013024602,0.8839528404538392,0.5536737417591253,50.960983316196135,0.0,0.0,nan,0.7993407300209037,0.16058851905451038,0.040070750924585945,50.960983316196135,0.0
16.0,0.2,skip_onu,0.598761858819746,0.8891920084021471,0.8563206946454414,21.023889572794516,0.0,0.2006592699790963,nan,0.7993407300209037,0.0,0.2006592699790963,70.59145531488979,0.7021751502499487
16.0,0.2,schedule,0.8873613121080559,0.9319270885878242,3.8308059173500566,15.136594622100976,0.9052580800771828,0.011561344267567133,nan,0.07591252612960284,0.005901270300691429,0.9181862035697057,nan,nan
16.0,0.2,broadcast,0.8712011577424024,0.9296724197133974,3.672383148416144,13.85365308924113,0.8574690464704936,0.02111271908666988,0.11219210594873714,0.11413410516160154,0.0058530310339282845,0.8800128638044702,186.4646445620789,0.9257035931836993
16.0,0.2,piggyback,0.822688535134266,0.9224477140096634,3.165814986332208,16.690902694466324,0.7036501045184114,0.051342659591574205,2.337946991511998,0.23688695931821838,0.006608779546550893,0.7565042611352307,161.5107145771624,0.8966576134706395
16.0,0.2,oracle,0.872182022833253,0.9297662188912791,3.679973211127191,13.705461139626488,0.8596398134748352,0.020582087152275285,nan,0.11228493326901431,0.006078147612156295,0.8816369191188294,186.98233681151575,0.9267018405410024
16.0,0.3,stepwise,0.5941148094548963,0.8915612988874885,0.8963268371120758,68.59213462110057,0.0,0.0,nan,0.7000160797555877,0.2104518411320148,0.0895320791123975,68.59213462110057,0.0
16.0,0.3,skip_onu,0.6491236533204695,0.897679561780608,1.2764138929088278,23.21115718797852,0.0,0.2999839202444123,nan,0.7000160797555877,0.0,0.2999839202444123,91.82845599420604,0.7472335025491114
16.0,0.3,schedule,0.8956423862357292,0.9332773451799525,3.9116798199067375,16.10065532365895,0.9193117864608458,0.015967197298601063,nan,0.056825856246985045,0.005579675188937128,0.9375944685640778,nan,nan
16.0,0.3,broadcast,0.8842579192796269,0.9316805444151837,3.7930360508120273,15.108989695922926,0.8781476121562952,0.028380768612317094,0.11155121926983579,0.08554429972664415,0.005643994211287988,0.9088117060620678,nan,nan
16.0,0.3,piggyback,0.8566650586911079,0.9276498709904224,3.4926164013506993,17.374952252264194,0.7729377713458755,0.061279948544782116,1.7409592004691061,0.1592217398295546,0.0046631291204373695,0.836115131050008,178.79261516058813,0.9028206381082443
16.0,0.3,oracle,0.8849654285254864,0.9317881027801408,3.8019469368065604,14.810493509492863,0.8813153240070751,0.02744814278822962,nan,0.08342177198906577,0.005595754944524843,0.9109824730664093,nan,nan
16.0,0.4,stepwise,0.638880849011095,0.8995892274981788,1.271857790641582,87.85202670244692,0.0,0.0,nan,0.6001929570670526,0.2398938736131211,0.15991316931982633,87.85202670244692,0.0
16.0,0.4,skip_onu,0.6955137481910275,0.905447639867653,1.6911394114809455,25.817474813446466,0.0,0.39980704293294744,nan,0.6001929570670526,0.0,0.39980704293294744,109.78212750633429,0.76482989171478
16.0,0.4,schedule,0.900675349734684,0.9340971759638362,3.959910339282843,17.69488295106179,0.9246181058047918,0.021916706866055635,nan,0.04553786782440907,0.004743527898375945,0.949718604277215,nan,nan
16.0,0.4,broadcast,0.8938736131210806,0.9331738946448298,3.884537417591252,16.913091905146782,0.8937128155652034,0.03519858498150828,0.1117191720007122,0.06394918797234282,0.004196816208393632,0.9318539958192635,nan,nan
16.0,0.4,piggyback,0.8778742563113041,0.9309106273592578,3.703920951921531,18.749138438175514,0.8182183630808811,0.06764753175751728,1.3042066933252772,0.1091815404405853,0.003055153561665863,0.8877633059977489,nan,nan
16.0,0.4,oracle,0.8944364045666506,0.9332838887774703,3.8941389934073003,16.67150924239503,0.8981025888406496,0.032545425309535296,nan,0.06144074610065927,0.004743527898375945,0.9338157260009647,nan,nan
16.0,0.5,stepwise,0.6883260974433189,0.9072012726291585,1.6687214021546872,107.04750562263416,0.0,0.0,nan,0.49942112879884226,0.2502974754783727,0.250281395722785,107.04750562263416,0.0
16.0,0.5,skip_onu,0.7429329474191992,0.9125133174041131,2.10626512301013,28.4590199357862,0.0,0.5005788712011577,nan,0.49942112879884226,0.0,0.5005788712011577,127.87593218514148,0.7774481917787107
16.0,0.5,schedule,0.9050329634989548,0.9347667191551048,4.000003666184274,19.6177016525056,0.9267084740311947,0.03122688535134266,nan,0.03674224151792893,0.00247628236050812,0.960781476121563,nan,nan
16.0,0.5,broadcast,0.9018330921369995,0.9343047012022672,3.959134716192314,18.936998716162154,0.9070268531918315,0.040794339926033124,0.11183960239847388,0.04667953047113684,0.00247628236050812,0.9508441871683551,nan,nan
16.0,0.5,piggyback,0.8940826499437209,0.9332571133093085,3.8712630004823927,20.072489009629226,0.8618748995015276,0.06687570348930696,0.8938163893630642,0.06912686927158707,0.0009969448464383342,0.9298761858819746,nan,nan
16.0,0.5,oracle,0.9025245216272713,0.9344179864129426,3.9691536581443962,18.672294132879966,0.9127673259366458,0.0373532722302621,nan,0.044010291043576136,0.0027817977166747065,0.9532079112397491,nan,nan
16.0,0.6,stepwise,0.7376587875864287,0.9144656981797115,2.099630615854639,125.8166777461061,0.0,0.0,nan,0.4005145521788069,0.24021546872487537,0.35926997909631775,125.8166777461061,0.0
16.0,0.6,skip_onu,0.7833252934555395,0.9187819448521916,2.514530696253417,30.957087890462326,0.0,0.5994854478211931,nan,0.4005145521788069,0.0,0.5994854478211931,143.64680764507094,0.7844916403088296
16.0,0.6,schedule,0.9092780189741116,0.9354096361374745,4.045350763788391,21.098417502518142,0.9355684193600258,0.03529506351503457,nan,0.026129602830036982,0.00123814118025406,0.9726322559897089,nan,nan
16.0,0.6,broadcast,0.9077343624376909,0.9351953502620124,4.024801415018492,20.565152806612048,0.9236694002251166,0.041743045505708315,0.1118155719369399,0.031098247306640937,0.0012863804470172053,0.9676153722463419,nan,nan
16.0,0.6,piggyback,0.9039234603634024,0.9346656925422394,3.977614118025406,21.412571967133086,0.8923460363402477,0.06277536581443963,0.7764354860071018,0.043206303264190386,0.000723589001447178,0.9560701077343624,nan,nan
16.0,0.6,oracle,0.9078951599935681,0.9352530522140932,4.029191542048561,20.48253705766701,0.9262260813635633,0.040601382858980545,nan,0.030101302460202605,0.0011577424023154848,0.9687409551374819,nan,nan
16.0,0.7,stepwise,0.788712011577424,0.9213175974271887,2.5633470976041166,145.7500095873784,0.0,0.0,nan,0.30091654606849977,0.20979257115291847,0.4892908827785818,145.7500095873784,0.0
16.0,0.7,skip_onu,0.8256954494291687,0.9245233087950754,2.9246105804791767,33.31207698117583,0.0,0.6990834539315003,nan,0.30091654606849977,0.0,0.6990834539315003,162.90553323929663,0.7955129189366283
16.0,0.7,schedule,0.9136034732272069,0.9360110528037993,4.093162051776813,22.4037408986394,0.9521948866377231,0.031242965106930375,nan,0.01456825856246985,0.0006914294902717479,0.9847403119472584,nan,nan
16.0,0.7,broadcast,0.9119954976684355,0.9358287069493657,4.074131339443641,21.945902497911835,0.9375462292973147,0.04076218041485769,0.11186844991136535,0.019183148416144075,0.0008683068017366136,0.9799485447821193,nan,nan
16.0,0.7,piggyback,0.9101784852870236,0.935558767205784,4.046061038752211,22.446323991830198,0.9131532400707509,0.05896446374015115,0.6710788780437686,0.02630648014150185,0.0006431902235086027,0.9730503296349895,nan,nan
16.0,0.7,oracle,0.9122688535134266,0.935875039585265,4.078752146647371,21.82992215427101,0.9407139411480946,0.03899340730020904,nan,0.018073645280591737,0.0007879080237980382,0.9811384466956102,nan,nan
16.0,0.8,stepwise,0.8328670204212896,0.9275633671316452,3.048275542691751,166.23221304310334,0.0,0.0,nan,0.20102910435761376,0.16129602830036985,0.6376748673420164,166.23221304310334,0.0
16.0,0.8,skip_onu,0.8557806721337836,0.9295404708331336,3.3352620035375464,35.74703289691634,0.0,0.7989708956423862,nan,0.20102910435761376,0.0,0.7989708956423862,178.32584346027625,0.7995409291033057
16.0,0.8,schedule,0.9156616819424345,0.9363343295237493,4.122548737739186,23.44643302530902,0.9642547033285094,0.026242161119150988,nan,0.007428847081524361,0.0006914294902717479,0.9918797234282039,nan,nan
16.0,0.8,broadcast,0.9150184917189259,0.9362737329653399,4.1152750602990835,23.16742948422713,0.9550892426435118,0.033252934555394756,0.11194431644844857,0.009310178485287023,0.0007396687570348931,0.9899501527576781,nan,nan
16.0,0.8,piggyback,0.9146004180736452,0.9362158134314326,4.107366007396688,23.908224918353067,0.9431580639974272,0.044106769577102425,0.5992525477731038,0.011239749155812832,0.0005627914455700274,0.9881974593986171,nan,nan
16.0,0.8,oracle,0.9151149702524521,0.9362821660920437,4.11605689017527,23.13179965899946,0.9557485126226082,0.0333011738221579,nan,0.009133301173822158,0.0005788712011577424,0.9902878276250201,nan,nan
16.0,0.9,stepwise,0.8723749799003055,0.9331021165827227,3.5887627271265474,187.08417790976563,0.0,0.0,nan,0.10115774240231548,0.09075414053706383,0.8080881170606207,187.08417790976563,0.0
16.0,0.9,skip_onu,0.886959318218363,0.9338501280697922,3.740341148094549,38.08326093636727,0.0,0.8988422575976845,nan,0.10115774240231548,0.0,0.8988422575976845,nan,nan
16.0,0.9,schedule,0.917157099212092,0.9365516779810673,4.144588872809133,24.441804144865532,0.9808007718282682,0.01599935680977649,nan,0.002202926515516964,0.00022511657822801094,0.997571956906255,nan,nan
16.0,0.9,broadcast,0.917494774079434,0.9365965624677304,4.150453320469529,24.77693761627837,0.9924425148737739,0.005627914455700273,0.1119061370856605,0.0008039877793857533,0.000241196333815726,0.9989548158867986,nan,nan
16.0,0.9,piggyback,0.9175912526129603,0.9366091000213066,4.151588165299888,24.785007479166786,0.9953690303907381,0.0034410676957710245,0.5177204061129392,0.000482392667631452,0.00017687731146486573,0.9993407300209037,nan,nan
16.0,0.9,oracle,0.9174626145682586,0.9365946266095729,4.149850008039878,24.709410915028148,0.9911561344267568,0.006994693680656054,nan,0.0009487055796751889,0.0001929570670525808,0.9988583373532722,nan,nan
32.0,0.1,stepwise,0.5034732272069464,0.8758970676955566,0.25553449107573567,32.87108645158607,0.0,0.0,nan,0.8995176073323685,0.09064158224794983,0.009840810419681621,32.87108645158607,0.0
32.0,0.1,skip_onu,0.5336870879562631,0.8794798315324287,0.43443010130246024,17.197968343251045,0.0,0.10048239266763145,nan,0.8995176073323685,0.0,0.10048239266763145,44.119439151533136,0.6101952183892749
32.0,0.1,schedule,0.8907059012703007,0.9324559945441324,3.884686476925551,11.188014027450118,0.9292973146808169,0.0034249879401833092,nan,0.06338639652677279,0.0034410676957710245,0.9331725357774562,nan,nan
32.0,0.1,broadcast,0.8907702202926515,0.9325288550088868,3.8886721016240555,10.671559244898264,0.9303424987940183,0.00358578549606046,0.03333059325003827,0.06248593021386075,0.003199871361955298,0.934314198424184,nan,nan
32.0,0.1,piggyback,0.8120598166907863,0.9208678854803137,3.128975269335906,12.713492908610622,0.726129602830037,0.023942756070107735,1.6871158766867607,0.24655089242643513,0.0029586750281395723,0.7504904325454254,150.4231167541183,0.9154817877534601
32.0,0.1,oracle,0.8904486251808973,0.9324967020243063,3.88624048882457,10.671256939723499,0.9298440263707992,0.0035375462292973146,nan,0.0629683228814922,0.0032320308731307286,0.933799646245377,nan,nan
32.0,0.2,stepwise,0.5512301013024602,0.8839528404538392,0.5536737417591253,50.65054761116178,0.0,0.0,nan,0.7993407300209037,0.16058851905451038,0.040070750924585945,50.65054761116178,0.0
32.0,0.2,skip_onu,0.598761858819746,0.8891920084021471,0.8563206946454414,18.573959542244356,0.0,0.2006592699790963,nan,0.7993407300209037,0.0,0.2006592699790963,69.59943652597538,0.7331306046520603
32.0,0.2,schedule,0.9017366136034732,0.9341115273368847,3.980426917510854,11.55235907010125,0.9489789355201801,0.00593342981186686,nan,0.04076218041485769,0.0034893069625341693,0.9557485126226082,nan,nan
32.0,0.2,broadcast,0.8998552821997106,0.9338901033545005,3.9644824248271426,10.954493154795072,0.9443962051776813,0.00710725196977006,0.033007676318171884,0.04447660395561987,0.0033285094066570187,0.9521948866377231,nan,nan
32.0,0.2,piggyback,0.8641743045505709,0.9286601259900166,3.601752178806882,12.544792191661749,0.8331886155330439,0.030519376105483196,1.0803897076761497,0.13333333333333333,0.00247628236050812,0.8641903843061586,174.66498734798418,0.9281779801313653
32.0,0.2,oracle,0.8998392024441229,0.9338842029109857,3.9636722302621004,10.902488044230173,0.9441710885994533,0.007091172214182344,nan,0.04468564077826017,0.0033285094066570187,0.9519858498150828,nan,nan
32.0,0.3,stepwise,0.5941148094548963,0.8915612988874885,0.8963268371120758,67.688163662846,0.0,0.0,nan,0.7000160797555877,0.2104518411320148,0.0895320791123975,67.688163662846,0.0
32.0,0.3,skip_onu,0.6491236533204695,0.897679561780608,1.2764138929088278,19.998646106382168,0.0,0.2999839202444123,nan,0.7000160797555877,0.0,0.2999839202444123,89.89512601642357,0.777533588386889
32.0,0.3,schedule,0.9068178163691912,0.9349058271652413,4.029594854478211,11.781044309912737,0.9583051937610548,0.00850619070590127,nan,0.029377713458755426,0.0027496382054992764,0.9678726483357453,nan,nan
32.0,0.3,broadcast,0.9052420003215951,0.9347284987699012,4.017233703167712,11.143495843612776,0.9541566168194243,0.009937288953207911,0.0328684626993335,0.03238462775365814,0.002588840649622126,0.9650265315967197,nan,nan
32.0,0.3,piggyback,0.8848850297475478,0.931820303944399,3.800064672776973,12.82906551482113,0.8779546550892426,0.03386396526772793,0.9710399657121717,0.08556037948223187,0.001945650426113523,0.9124939700916546,nan,nan
32.0,0.3,oracle,0.9054349573886477,0.9347291383868094,4.016818556037949,11.115676499243666,0.9539797395079594,0.009921209197620197,nan,0.03243286702042129,0.002669239427560701,0.964897893552018,nan,nan
32.0,0.4,stepwise,0.638880849011095,0.8995892274981788,1.271857790641582,86.09987179762848,0.0,0.0,nan,0.6001929570670526,0.2398938736131211,0.15991316931982633,86.09987179762848,0.0
32.0,0.4,skip_onu,0.6955137481910275,0.905447639867653,1.6911394114809455,21.418548143336746,0.0,0.39980704293294744,nan,0.6001929570670526,0.0,0.39980704293294744,106.99153775670301,0.7998108206273082
32.0,0.4,schedule,0.9093101784852871,0.9353217814055462,4.053783888084902,12.396152809488562,0.960894034410677,0.011770381090207428,nan,0.023781958514230584,0.002219006271104679,0.9739990352146647,nan,nan
32.0,0.4,broadcast,0.9086509085061907,0.9352540911983568,4.048327351664255,11.662933022809773,0.9587875864286863,0.012992442514873774,0.033243015551314356,0.025084418716835505,0.001929570670525808,0.9729860106126387,nan,nan
32.0,0.4,piggyback,0.8976523556841935,0.9336901977627396,3.926379610869915,13.066414412991515,0.9077826017044541,0.034828750602990836,0.793545618090884,0.05550731628879241,0.00123814118025406,0.9432545425309535,nan,nan
32.0,0.4,oracle,0.9085705097282522,0.9352460062895327,4.047555619874578,11.65897728833999,0.9587393471619231,0.012654767647531758,nan,0.02516481749477408,0.0021386074931661037,0.9726965750120599,nan,nan
32.0,0.5,stepwise,0.6883260974433189,0.9072012726291585,1.6687214021546872,104.42076147234572,0.0,0.0,nan,0.49942112879884226,0.2502974754783727,0.250281395722785,104.42076147234572,0.0
32.0,0.5,skip_onu,0.7429329474191992,0.9125133174041131,2.10626512301013,22.98304354037078,0.0,0.5005788712011577,nan,0.49942112879884226,0.0,0.5005788712011577,123.96634500051765,0.8146025557156275
32.0,0.5,schedule,0.9122527737578389,0.9357883281005144,4.084387747226242,12.892515880022039,0.967551053223991,0.014053706383662969,nan,0.01659430776652195,0.0008843865573243286,0.9825213056761537,nan,nan
32.0,0.5,broadcast,0.9113201479337514,0.9356763437416045,4.075697250361794,12.407033169929106,0.9633381572600096,0.01577424023154848,0.03328031345897445,0.018700755748512623,0.0009969448464383342,0.9803022994050491,nan,nan
32.0,0.5,piggyback,0.905756552500402,0.9348337596963947,4.005366650586911,13.49681860633293,0.9275928605885191,0.03484483035857855,0.6562604964733111,0.036468885672937774,0.0005627914455700274,0.9629683228814923,nan,nan
32.0,0.5,oracle,0.9112236694002251,0.9356581003958263,4.073517189258723,12.402303074912611,0.9626306480141502,0.015758160475960764,nan,0.019150988904968646,0.0011738221579031998,0.9796751889371281,nan,nan
32.0,0.6,stepwise,0.7376587875864287,0.9144656981797115,2.099630615854639,122.06537364328116,0.0,0.0,nan,0.4005145521788069,0.24021546872487537,0.35926997909631775,122.06537364328116,0.0
32.0,0.6,skip_onu,0.7833252934555395,0.9187819448521916,2.514530696253417,24.47972179153679,0.0,0.5994854478211931,nan,0.4005145521788069,0.0,0.5994854478211931,138.5250036876458,0.8232830092772632
32.0,0.6,schedule,0.9139572278501367,0.9360500110565165,4.1031056118347005,13.359940203839233,0.9715549123653321,0.014729056118347001,nan,0.01212413571313716,0.0006914294902717479,0.9871844347965911,nan,nan
32.0,0.6,broadcast,0.9131210805595755,0.9359627248956931,4.096025341694806,12.981888329063661,0.966988261778421,0.017446534812670847,0.03318467110726146,0.013941148094548963,0.0006592699790963178,0.9853995819263547,nan,nan
32.0,0.6,piggyback,0.9105161601543657,0.9355818239760388,4.060502685319183,13.862212268145768,0.9437690947097604,0.032513265798359864,0.5703275462509609,0.022929731468081686,0.00035375462292973147,0.9767165139089886,nan,nan
32.0,0.6,oracle,0.9131050008039878,0.935982948711283,4.0972413892908826,13.057331734695175,0.9673741759125262,0.017350056279144557,nan,0.013683872005145523,0.0006271104679208876,0.9856890175269336,nan,nan
32.0,0.7,stepwise,0.788712011577424,0.9213175974271887,2.5633470976041166,140.466544555555,0.0,0.0,nan,0.30091654606849977,0.20979257115291847,0.4892908827785818,140.466544555555,0.0
32.0,0.7,skip_onu,0.8256954494291687,0.9245233087950754,2.9246105804791767,25.907350615705766,0.0,0.6990834539315003,nan,0.30091654606849977,0.0,0.6990834539315003,156.23797434666767,0.8341801938738568
32.0,0.7,schedule,0.9152114487859785,0.9362599601385634,4.118793053545586,13.798751355613039,0.974095513748191,0.01619231387682907,nan,0.00834539315002412,0.0005467116899823122,0.9911078951599935,nan,nan
32.0,0.7,broadcast,0.9151310500080398,0.9362592097260404,4.118336163370317,13.46838757787083,0.9729216915902879,0.01688374336710082,0.03320381995088403,0.00844187168355041,0.0006592699790963178,0.9908988583373532,nan,nan
32.0,0.7,piggyback,0.9142145039395401,0.936121554557557,4.103930053063193,14.210328575210468,0.9600096478533526,0.02694967036501045,0.5007128389262272,0.01215629522431259,0.0003859141341051616,0.9874577906415822,nan,nan
32.0,0.7,oracle,0.9151149702524521,0.936252050472854,4.118327062228654,13.510392018173661,0.9723428203891301,0.017543013346197137,nan,0.008602669239427561,0.0005467116899823122,0.9908506190705901,nan,nan
32.0,0.8,stepwise,0.8328670204212896,0.9275633671316452,3.048275542691751,159.296260297466,0.0,0.0,nan,0.20102910435761376,0.16129602830036985,0.6376748673420164,159.296260297466,0.0
32.0,0.8,skip_onu,0.8557806721337836,0.9295404708331336,3.3352620035375464,27.331887191551022,0.0,0.7989708956423862,nan,0.20102910435761376,0.0,0.7989708956423862,170.54455821579594,0.8397375590432675
32.0,0.8,schedule,0.9164174304550571,0.9364418347298482,4.134479787747226,14.25885453390171,0.9777938575333655,0.016320951921530793,nan,0.004614889853674224,0.0004502331564560219,0.9949348769898697,nan,nan
32.0,0.8,broadcast,0.9166907863000482,0.9364784724182857,4.138261038752211,14.052551494389823,0.9819263547194083,0.012815565203408909,0.03321305666709128,0.0035375462292973146,0.0006110307123331725,0.9958514230583695,nan,nan
32.0,0.8,piggyback,0.9173661360347323,0.9365686817905737,4.14662106447982,14.670567169879277,0.9902235086026693,0.0074127673259366455,0.4293269676653747,0.001656214825534652,0.00025727608940344105,0.9980865090850619,nan,nan
32.0,0.8,oracle,0.9166586267888728,0.9364751785492862,4.138039234603634,14.156381678082456,0.9806882135391543,0.01434314198424184,nan,0.0038269818298761857,0.00035375462292973147,0.9958192635471941,nan,nan
32.0,0.9,stepwise,0.8723749799003055,0.9331021165827227,3.5887627271265474,178.69069397138645,0.0,0.0,nan,0.10115774240231548,0.09075414053706383,0.8080881170606207,178.69069397138645,0.0
32.0,0.9,skip_onu,0.886959318218363,0.9338501280697922,3.740341148094549,28.742731719427546,0.0,0.8988422575976845,nan,0.10115774240231548,0.0,0.8988422575976845,nan,nan
32.0,0.9,schedule,0.9175430133461971,0.9365952243931288,4.149970027335585,14.731970611570938,0.992265637562309,0.005917350056279145,nan,0.0008683068017366136,0.000241196333815726,0.9988904968644476,nan,nan
32.0,0.9,broadcast,0.917494774079434,0.9365922068074424,4.1498,14.571079229132001,0.9917832448946776,0.0064158224794983116,0.033130953391064005,0.0009487055796751889,0.00017687731146486573,0.9988744171088599,nan,nan
32.0,0.9,piggyback,0.9176716513908989,0.9366122119852075,4.152417591252612,14.716839623003352,0.9972503617945008,0.0019617301817012383,0.41298775627303674,0.00032159511175430133,0.00011255828911400547,0.9995658465991317,nan,nan
32.0,0.9,oracle,0.9174304550570831,0.9365916047689721,4.149352436082971,14.5177487453939,0.9910435761376427,0.007123331725357775,nan,0.0010291043576137642,0.00017687731146486573,0.9987940183309214,nan,nan
