subscribers,beta,policy,accuracy,mean_confidence,comm_MB_per_1k_queries,pon_MB_per_1k_queries,latency_s_mean,latency_s_p95,J_per_query,forwarded_on_arrival,skipped_on_escalation,olt_rate_error,mean_olt_batch,olt_queued,final_user,final_onu,final_olt,J_recserve_same_accuracy,saving_same_accuracy
1000,0.1,recserve,0.5012924230465667,0.8758720153133298,0.2563263022888714,0.010903877269139701,7.514818781899598,44.716477425317,32.95618559138119,0.0,0.0,nan,1.0043655241478324,0.0,0.8993685872138911,0.09077545382794001,0.009855958958168903,32.95618559138119,0.0
1000,0.1,recserve_no_onu,0.5313930544593528,0.8793990541483098,0.4347655090765588,0.1086913772691397,3.8960896934192246,11.253499809941452,100.7975587430585,0.0,0.10063141278610892,nan,1.0343944941888943,0.0,0.8993685872138911,0.0,0.10063141278610892,54.377161366185575,-0.8536745245723592
1000,0.1,static_day,0.5012924230465667,0.8758720153133298,0.2563263022888714,0.010903877269139701,7.514818781899598,44.716477425317,32.95618559138119,0.0,0.0,0.14018538315213053,1.0043655241478324,0.0,0.8993685872138911,0.09077545382794001,0.009855958958168903,32.95618559138119,0.0
1000,0.1,static_hour,0.5012924230465667,0.8758720153133298,0.2563263022888714,0.010903877269139701,7.514818781899598,44.716477425317,32.95618559138119,0.0,0.0,0.1438471761765114,1.0043655241478324,0.0,0.8993685872138911,0.09077545382794001,0.009855958958168903,32.95618559138119,0.0
1000,0.1,broadcast,0.5012924230465667,0.8758720153133298,0.2563263022888714,0.010903877269139701,7.514818781899598,44.716477425317,32.9561855913812,0.0,0.0,0.0017586418883681412,1.0043655241478324,0.0,0.8993685872138911,0.09077545382794001,0.009855958958168903,32.95618559138119,-2.220446049250313e-16
1000,0.1,oracle,0.5012924230465667,0.8758720153133298,0.2563263022888714,0.010903877269139701,7.514818781899598,44.716477425317,32.95618559138119,0.0,0.0,0.0016857401225455464,1.0043655241478324,0.0,0.8993685872138911,0.09077545382794001,0.009855958958168903,32.95618559138119,0.0
1000,0.1,piggyback,0.5012924230465667,0.8758720153133298,0.2563263022888714,0.010903877269139701,7.514818781899598,44.716477425317,32.95618559138119,0.0,0.0,0.030553970981398292,1.0043655241478324,0.0,0.8993685872138911,0.09077545382794001,0.009855958958168903,32.95618559138119,0.0
1000,0.2,recserve,0.5492797947908445,0.8839033728351287,0.5523182912391476,0.043146339779005526,12.262407225371938,57.35080478593375,67.10617778038434,0.0,0.0,nan,1.0158658511487462,0.0,0.8002367797947908,0.1597573007103394,0.04000591949486977,67.10617778038434,0.0
1000,0.2,recserve_no_onu,0.5954123914759274,0.8890752390548499,0.8523576953433306,0.21308942383583265,4.7599738177695015,13.965613505169166,178.44266395889989,0.0,0.19976322020520915,nan,1.0647275076917049,0.0,0.8002367797947908,0.0,0.19976322020520915,123.75119155089246,-0.4419470368131013
1000,0.2,static_day,0.5492797947908445,0.8839033728351287,0.5523182912391476,0.043146339779005526,12.262407225371938,57.35080478593375,67.10617778038434,0.0,0.0,0.12370025664654107,1.0158658511487462,0.0,0.8002367797947908,0.1597573007103394,0.04000591949486977,67.10617778038434,0.0
1000,0.2,static_hour,0.5492797947908445,0.8839033728351287,0.5523182912391476,0.043146339779005526,12.262407225371938,57.35080478593375,67.10617778038434,0.0,0.0,0.1239434850543317,1.0158658511487462,0.0,0.8002367797947908,0.1597573007103394,0.04000591949486977,67.10617778038434,0.0
1000,0.2,broadcast,0.5492797947908445,0.8839033728351287,0.5523182912391476,0.043146339779005526,12.262407225371938,57.35080478593375,67.1061777803844,0.0,0.0,0.006670066952448596,1.0158658511487453,0.0,0.8002367797947908,0.1597573007103394,0.04000591949486977,67.10617778038434,-8.881784197001252e-16
1000,0.2,oracle,0.5492797947908445,0.8839033728351287,0.5523182912391476,0.043146339779005526,12.262407225371938,57.35080478593375,67.10617778038434,0.0,0.0,0.006074133838894214,1.0158658511487462,0.0,0.8002367797947908,0.1597573007103394,0.04000591949486977,67.10617778038434,0.0
1000,0.2,piggyback,0.5492797947908445,0.8839033728351287,0.5523182912391476,0.043146339779005526,12.262407225371938,57.35080478593375,67.10617778038434,0.0,0.0,0.03850648797229319,1.0158658511487462,0.0,0.8002367797947908,0.1597573007103394,0.04000591949486977,67.10617778038434,0.0
1000,0.3,recserve,0.5922553275453828,0.8916098967914144,0.8999218429360695,0.10147872928176796,16.979137692131086,63.7359280700851,119.24957637999137,0.0,0.0,nan,1.0327995322345247,0.0,0.6994080505130229,0.21026045777426994,0.09033149171270718,119.24957637999137,0.0
1000,0.3,recserve_no_onu,0.6463397790055249,0.8977125934482011,1.27981318074191,0.3199532951854775,5.620745091028767,14.9936124325397,250.92466192719303,0.0,0.3005919494869771,nan,1.097962084190954,0.0,0.6994080505130229,0.0,0.3005919494869771,196.95524941202066,-0.2740186548786574
1000,0.3,static_day,0.5922553275453828,0.8916098967914144,0.8999218429360695,0.10147872928176796,16.979137692131086,63.7359280700851,119.24957637999137,0.0,0.0,0.09581877622067579,1.0327995322345247,0.0,0.6994080505130229,0.21026045777426994,0.09033149171270718,119.24957637999137,0.0
1000,0.3,static_hour,0.5922553275453828,0.8916098967914144,0.8999218429360695,0.10147872928176796,16.979137692131086,63.7359280700851,119.24957637999137,0.0,0.0,0.09561477169183112,1.0327995322345247,0.0,0.6994080505130229,0.21026045777426994,0.09033149171270718,119.24957637999137,0.0
1000,0.3,broadcast,0.5922553275453828,0.8916098967914144,0.8999218429360695,0.10147872928176796,16.979137692131104,63.7359280700851,119.24957637999184,0.0,0.0,0.014597276686577742,1.0327995322345245,0.0,0.6994080505130229,0.21026045777426994,0.09033149171270718,119.24957637999137,-3.9968028886505635e-15
1000,0.3,oracle,0.5922553275453828,0.8916098967914144,0.8999218429360695,0.10147872928176796,16.979137692131086,63.7359280700851,119.24957637999137,0.0,0.0,0.01333985193994958,1.0327995322345247,0.0,0.6994080505130229,0.21026045777426994,0.09033149171270718,119.24957637999137,0.0
1000,0.3,piggyback,0.5922553275453828,0.8916098967914144,0.8999218429360695,0.10147872928176796,16.979137692131086,63.7359280700851,119.24957637999137,0.0,0.0,0.05467938774497674,1.0327995322345247,0.0,0.6994080505130229,0.21026045777426994,0.09033149171270718,119.24957637999137,0.0
1000,0.4,recserve,0.6370659037095501,0.8996412578920437,1.2746696527229675,0.17482774269928966,22.135306643028148,67.87227714889002,183.14437671196853,0.0,0.0,nan,1.055232473546176,0.0,0.5994475138121547,0.24034135753749014,0.16021112865035517,183.14437671196853,0.0
1000,0.4,recserve_no_onu,0.6921566692975533,0.9054912339864529,1.696279952644041,0.42406998816101027,6.473797464161976,15.844917835708127,318.3366336736835,0.0,0.4005524861878453,nan,1.1317555589349841,0.0,0.5994475138121547,0.0,0.4005524861878453,266.16344710819646,-0.19601935251566838
1000,0.4,static_day,0.6370659037095501,0.8996412578920437,1.2746696527229675,0.17482774269928966,22.135306643028148,67.87227714889002,183.14437671196853,0.0,0.0,0.07862289677427617,1.055232473546176,0.0,0.5994475138121547,0.24034135753749014,0.16021112865035517,183.14437671196853,0.0
1000,0.4,static_hour,0.6370659037095501,0.8996412578920437,1.2746696527229675,0.17482774269928966,22.135306643028148,67.87227714889002,183.14437671196853,0.0,0.0,0.06922722912735836,1.055232473546176,0.0,0.5994475138121547,0.24034135753749014,0.16021112865035517,183.14437671196853,0.0
1000,0.4,broadcast,0.6370659037095501,0.8996412578920437,1.2746696527229675,0.17482774269928966,22.13530664302817,67.87227714889002,183.14437671196913,0.0,0.0,0.02245767539229966,1.0552324735461758,0.0,0.5994475138121547,0.24034135753749014,0.16021112865035517,183.14437671196853,-3.3306690738754696e-15
1000,0.4,oracle,0.6370659037095501,0.8996412578920437,1.2746696527229675,0.17482774269928966,22.135306643028148,67.87227714889002,183.14437671196853,0.0,0.0,0.020832136436276488,1.055232473546176,0.0,0.5994475138121547,0.24034135753749014,0.16021112865035517,183.14437671196853,0.0
1000,0.4,piggyback,0.6370659037095501,0.8996412578920437,1.2746696527229675,0.17482774269928966,22.135306643028148,67.87227714889002,183.14437671196853,0.0,0.0,0.07275216084342076,1.055232473546176,0.0,0.5994475138121547,0.24034135753749014,0.16021112865035517,183.14437671196853,0.0
1000,0.5,recserve,0.6865232833464877,0.9071463454351691,1.6686873914759273,0.2669037292817679,27.22187763037372,71.73157015707393,256.79746697299083,0.0,0.0,nan,1.0842459545915644,0.0,0.5000591949486977,0.2501874506708761,0.2497533543804262,256.79746697299083,0.0
1000,0.5,recserve_no_onu,0.7392462509865825,0.9124380265473674,2.106864048934491,0.5267160122336227,7.324948492568422,16.255631061160454,382.15023339928143,0.0,0.4999408050513023,nan,1.1640842279907786,0.0,0.5000591949486977,0.0,0.4999408050513023,344.61103639644665,-0.10893208004995247
1000,0.5,static_day,0.6865232833464877,0.9071463454351691,1.6686873914759273,0.2669037292817679,27.22187763037372,71.73157015707393,256.79746697299083,0.0,0.0,0.08939616364921502,1.0842459545915644,0.0,0.5000591949486977,0.2501874506708761,0.2497533543804262,256.79746697299083,0.0
1000,0.5,static_hour,0.6865232833464877,0.9071463454351691,1.6686873914759273,0.2669037292817679,27.22187763037372,71.73157015707393,256.79746697299083,0.0,0.0,0.06495081649725207,1.0842459545915644,0.0,0.5000591949486977,0.2501874506708761,0.2497533543804262,256.79746697299083,0.0
1000,0.5,broadcast,0.6865232833464877,0.9071463454351691,1.6686873914759273,0.2669037292817679,27.221877630373832,71.73157015707393,256.79746697299197,0.0,0.0,0.029959180223632084,1.0842459545915661,0.0,0.5000591949486977,0.2501874506708761,0.2497533543804262,256.79746697299083,-4.440892098500626e-15
1000,0.5,oracle,0.6865232833464877,0.9071463454351691,1.6686873914759273,0.2669037292817679,27.22187763037372,71.73157015707393,256.79746697299083,0.0,0.0,0.027796614718853852,1.0842459545915644,0.0,0.5000591949486977,0.2501874506708761,0.2497533543804262,256.79746697299083,0.0
1000,0.5,piggyback,0.6865232833464877,0.9071463454351691,1.6686873914759273,0.2669037292817679,27.22187763037372,71.73157015707393,256.79746697299083,0.0,0.0,0.09431440780939022,1.0842459545915644,0.0,0.5000591949486977,0.2501874506708761,0.2497533543804262,256.79746697299083,0.0
1000,0.6,recserve,0.7382596685082873,0.9145049656919532,2.1055440213101813,0.3833030880031571,32.40783118145817,73.94479413184273,342.8135787576111,0.0,0.0,nan,1.1205261420340968,0.0,0.3997730860299921,0.24027229676400946,0.3599546172059984,342.8135787576111,0.0
1000,0.6,recserve_no_onu,0.7813141278610892,0.9187575051083646,2.521990331491713,0.6304975828729282,8.182399352818594,16.619183582567416,442.63648278878367,0.0,0.6002269139700079,nan,1.197580940795057,0.0,0.3997730860299921,0.0,0.6002269139700079,421.2546301163936,-0.05075754933894072
1000,0.6,static_day,0.7387036306235202,0.9145391425399073,2.109336010260458,0.3855213792423047,32.19357361466409,73.93771052476743,343.7588844723231,0.0,0.005337411207576953,0.14200469509645244,1.1214606531852287,0.0,0.3997730860299921,0.23811168113654302,0.36211523283346486,343.6224346950872,-0.0003970921670377603
1000,0.6,static_hour,0.7384668508287293,0.9145164227866012,2.1069389897395423,0.3840927979479084,32.33505576393308,73.93771052476743,343.081209365757,0.0,0.0018449092344119968,0.1088397381176748,1.1211909694679139,0.0,0.3997730860299921,0.23951262825572217,0.3607142857142857,343.1910448617666,0.0003200418474027522
1000,0.6,broadcast,0.7430248618784531,0.9149408522312752,2.1491585635359116,0.4093881610102605,29.84866558115382,73.10092906681017,352.7958378634194,0.0,0.06323993685872138,0.03491533405531626,1.1344932157593408,0.0,0.3997730860299921,0.2149171270718232,0.3853097868981847,351.49529915318675,-0.003700017364004271
1000,0.6,oracle,0.7390390686661404,0.9145857101744529,2.1137367995264404,0.38816783741120764,31.948637147636102,73.77763861982693,344.1115791307988,0.0,0.011464088397790055,0.03501920617284084,1.125757246630335,0.0,0.3997730860299921,0.23555643251775849,0.3646704814522494,344.23357029229106,0.00035438484802241543
1000,0.6,piggyback,0.7382892659826361,0.9145057655076704,2.1057193567482244,0.3834214285714286,32.39353207408548,73.93771052476743,342.8446912983993,0.0,0.00031570639305445933,0.1244295611983799,1.120620076152644,0.0,0.3997730860299921,0.2401440410418311,0.3600828729281768,342.8675024867761,6.653062250394637e-05
1000,0.7,recserve,0.788743093922652,0.9212475309111807,2.5703849644830306,0.5168509767166535,37.79622970150137,77.87525623525994,434.78948613682513,0.0,0.0,nan,1.165396894728862,0.0,0.3001874506708761,0.2103295185477506,0.48948303078137334,434.78948613682513,0.0
1000,0.7,recserve_no_onu,0.8244573796369377,0.9244522100790736,2.931158602999211,0.7327896507498027,9.039897989005388,16.888968996443534,499.6686820618228,0.0,0.699812549329124,nan,1.2314888755789688,0.0,0.3001874506708761,0.0,0.699812549329124,515.6888310150122,0.03106553407731849
1000,0.7,static_day,0.8244179163378058,0.9244424175337362,2.9301052880820837,0.7321761740331493,9.126581782729799,17.06382663324318,499.35362901514213,0.0,0.69776045777427,0.42453385179558684,1.2317052576234162,0.0,0.3001874506708761,0.0006018153117600631,0.6992107340173639,515.5994394737103,0.03150858828541547
1000,0.7,static_hour,0.8244179163378058,0.9244424175337362,2.9301052880820837,0.7321761740331493,9.127415208765617,17.06382663324318,499.3750668284484,0.0,0.697750591949487,0.39003842363542246,1.2316540730348025,0.0,0.3001874506708761,0.0006018153117600631,0.6992107340173639,515.5994394737103,0.031467009859092676
1000,0.7,broadcast,0.8218429360694554,0.9241961619690235,2.9010127663772693,0.7149198500394632,11.409199291707482,37.089984112663345,492.8292443013509,0.0,0.6421172059984215,0.0204031944604676,1.231123247681137,0.0,0.3001874506708761,0.017215864246250986,0.682596685082873,509.7666414037636,0.03322578553938227
1000,0.7,oracle,0.8230564325177585,0.9243145182022872,2.9147092541436463,0.7231272494080504,10.318160254590358,19.247660232303797,496.4484802910524,0.0,0.66844909234412,0.01018851412517968,1.2300129731599194,0.0,0.3001874506708761,0.009411996842936069,0.6904005524861878,512.5154312987961,0.03134920438790978
1000,0.7,piggyback,0.8192482241515391,0.9239620607909563,2.8741978295185477,0.6990177387529598,13.517084437773727,52.00096161041314,488.8330286680568,0.0,0.5904696132596685,0.2051440598241208,1.2251939958760825,0.0,0.3001874506708761,0.03279400157853197,0.667018547750592,503.88914756316615,0.029879823703133024
1000,0.8,recserve,0.8312352012628256,0.9275187123200757,3.0575229084451463,0.6661689917127072,43.40543217047995,80.85314914500958,531.0418282336074,0.0,0.0,nan,1.2169436762305212,0.0,0.200207182320442,0.16077348066298341,0.6390193370165745,531.0418282336074,0.0
1000,0.8,recserve_no_onu,0.855130228887135,0.9294501533340754,3.341268823993686,0.8353172059984215,9.902647889956551,17.24194892326891,554.293177254856,0.0,0.799792817679558,nan,1.2648446216940994,0.0,0.200207182320442,0.0,0.799792817679558,592.5904261356216,0.06462684375532035
1000,0.8,static_day,0.855110497237569,0.9294457641423098,3.340651104972376,0.8349684786898184,9.964484892447357,17.28504083512207,554.12122791789,0.0,0.7983030781373323,0.5337360666437326,1.2650023082769932,0.0,0.200207182320442,0.0003255722178374112,0.7994672454617207,592.5396015295917,0.06483680333352881
1000,0.8,static_hour,0.855110497237569,0.929445971744262,3.3407291239147594,0.8350194850039464,9.953794303763688,17.274315491871263,554.1446912102598,0.0,0.798569455406472,0.496659318624805,1.2649677267836923,0.0,0.200207182320442,0.00027624309392265195,0.7995165745856354,592.5396015295917,0.06479720548671952
1000,0.8,broadcast,0.8900848460931334,0.9334789771702616,3.806430189423836,0.9514447513812155,9.251884930810947,15.787088164192879,603.4058883952448,0.5678966061562747,0.3446329913180742,0.020131544985940206,1.3078650913368524,0.0,0.08624704025256512,0.00027624309392265195,0.9134767166535123,nan,nan
1000,0.8,oracle,0.8986483820047356,0.9344814355940986,3.9238297947908443,0.9807946527229675,9.077086001774067,15.155504595989756,616.6579329933716,0.7097277032359905,0.231146408839779,0.002704096425567416,1.3154517511083665,0.0,0.05790252565114443,0.00027624309392265195,0.9418212312549329,nan,nan
1000,0.8,piggyback,0.8564127861089187,0.9296114051134355,3.3570924822415154,0.835864098263615,11.04495970290359,19.02301407156059,556.4751191225043,0.032320441988950274,0.7454123914759274,0.2326425767813501,1.2654169882371642,0.0,0.19381412786108917,0.005722178374112076,0.8004636937647988,595.8940255275545,0.06615086696019812
1000,0.9,recserve,0.8716357537490134,0.9330339758643357,3.5960822809786896,0.8422056235201263,49.247235650871,84.35171764335267,635.1052090794982,0.0,0.0,nan,1.2769956143507841,0.0,0.10096685082872928,0.09029202841357538,0.8087411207576953,635.1052090794982,0.0
1000,0.9,recserve_no_onu,0.8864838200473559,0.9337468205088351,3.7458560773480665,0.9364640193370166,10.768434629633852,17.53579247529288,605.8029494982441,0.0,0.8990331491712708,nan,1.2994229131748016,0.0,0.10096685082872928,0.0,0.8990331491712708,nan,nan
1000,0.9,static_day,0.9160911602209945,0.9364561645753758,4.150529301499605,1.0375686168113654,8.748727707711792,13.884880985878405,640.4829383344829,0.9740627466456195,0.022523677979479084,0.7989853405789279,1.3333336821365298,0.0,0.0027131018153117603,0.0001085240726124704,0.9971783741120758,nan,nan
1000,0.9,static_hour,0.9166239147592739,0.9365097507637753,4.158997632202052,1.0396772790055249,8.709926063644735,13.774939457164145,641.0208601745555,0.9941988950276243,0.004419889502762431,0.7571796734034342,1.3343766449028884,0.0,0.0006215469613259668,0.00011838989739542226,0.9992600631412786,nan,nan
1000,0.9,broadcast,0.9163476716653512,0.9364830417318757,4.154709648776637,1.0386137036306236,8.724965864003961,13.810842879093249,640.6985578144313,0.9847671665351223,0.012884767166535123,0.019682584249985043,1.3339446243099133,0.0,0.0016475927387529597,0.0001085240726124704,0.9982438831886346,nan,nan
1000,0.9,oracle,0.9163476716653512,0.9364823504452585,4.15463182715075,1.0385942482241515,8.725348797481997,13.811107264109882,640.6821660813802,0.9845007892659826,0.013141278610891871,0.00014743300852475426,1.3339543639876925,0.0,0.0016673243883188634,0.0001085240726124704,0.9982241515390686,nan,nan
1000,0.9,piggyback,0.9143843725335438,0.9363082476830025,4.127749980268351,1.0309094810576165,9.461755187993106,14.870160095789464,639.1093101808287,0.9279005524861879,0.049832280978689816,0.28488422977042144,1.3315102212609988,0.0,0.007478295185477506,0.001687056037884767,0.9908346487766377,nan,nan
2000,0.1,recserve,0.5031979477988567,0.8758683741860668,0.25459074638476803,0.010906764681263817,7.471256110492729,44.279093508070225,32.82800142144288,0.0,0.0,nan,1.008933714453872,0.0,0.8997877882215077,0.09043865307066996,0.009773558707822294,32.82800142144288,0.0
2000,0.1,recserve_no_onu,0.5338578722691889,0.8793835287629927,0.43285891117139913,0.10821472779284978,3.8874415426912274,11.242938394120886,97.97257795053254,0.0,0.10021221177849227,nan,1.0641949768233878,0.0,0.8997877882215077,0.0,0.10021221177849227,54.68642841042965,-0.7915336729477742
2000,0.1,static_day,0.5031979477988567,0.8758683741860668,0.25459074638476803,0.010906764681263817,7.471256110492729,44.279093508070225,32.82800142144288,0.0,0.0,0.2483200969559876,1.008933714453872,0.0,0.8997877882215077,0.09043865307066996,0.009773558707822294,32.82800142144288,0.0
2000,0.1,static_hour,0.5031979477988567,0.8758683741860668,0.25459074638476803,0.010906764681263817,7.471256110492729,44.279093508070225,32.82800142144288,0.0,0.0,0.24909465347490145,1.008933714453872,0.0,0.8997877882215077,0.09043865307066996,0.009773558707822294,32.82800142144288,0.0
2000,0.1,broadcast,0.5031979477988567,0.8758683741860668,0.25459074638476803,0.010906764681263817,7.471256110492729,44.279093508070225,32.82800142144285,0.0,0.0,0.0032899254152827643,1.0089337144538717,0.0,0.8997877882215077,0.09043865307066996,0.009773558707822294,32.82800142144288,8.881784197001252e-16
2000,0.1,oracle,0.5031979477988567,0.8758683741860668,0.25459074638476803,0.010906764681263817,7.471256110492729,44.279093508070225,32.82800142144288,0.0,0.0,0.002890478631285827,1.008933714453872,0.0,0.8997877882215077,0.09043865307066996,0.009773558707822294,32.82800142144288,0.0
2000,0.1,piggyback,0.5031979477988567,0.8758683741860668,0.25459074638476803,0.010906764681263817,7.471256110492729,44.279093508070225,32.82800142144288,0.0,0.0,0.0320033029533525,1.008933714453872,0.0,0.8997877882215077,0.09043865307066996,0.009773558707822294,32.82800142144288,0.0
2000,0.2,recserve,0.5506181714336358,0.8838476951361746,0.5513574562159341,0.043117794770038256,12.217298385475251,57.34859620484893,66.63537420623999,0.0,0.0,nan,1.0247610955877684,0.0,0.7999350070655198,0.1602174309080793,0.03984756202640092,66.63537420623999,0.0
2000,0.2,recserve_no_onu,0.5972013648516241,0.889064275036926,0.8535299336776645,0.21338248341941612,4.758998543071106,13.942528440613101,169.40287244713562,0.0,0.20006499293448024,nan,1.1294206603770613,0.0,0.7999350070655198,0.0,0.20006499293448024,121.74052997570261,-0.39150759801148904
2000,0.2,static_day,0.5506181714336358,0.8838476951361746,0.5513574562159341,0.043117794770038256,12.217298385475251,57.34859620484893,66.63537420623999,0.0,0.0,0.21808458468585806,1.0247610955877684,0.0,0.7999350070655198,0.1602174309080793,0.03984756202640092,66.63537420623999,0.0
2000,0.2,static_hour,0.5506181714336358,0.8838476951361746,0.5513574562159341,0.043117794770038256,12.217298385475251,57.34859620484893,66.63537420623999,0.0,0.0,0.22123898696049796,1.0247610955877684,0.0,0.7999350070655198,0.1602174309080793,0.03984756202640092,66.63537420623999,0.0
2000,0.2,broadcast,0.5506181714336358,0.8838476951361746,0.5513574562159341,0.043117794770038256,12.217298385475253,57.34859620484893,66.63537420624031,0.0,0.0,0.012535665432932521,1.0247610955877677,0.0,0.7999350070655198,0.1602174309080793,0.03984756202640092,66.63537420623999,-4.884981308350689e-15
2000,0.2,oracle,0.5506181714336358,0.8838476951361746,0.5513574562159341,0.043117794770038256,12.217298385475251,57.34859620484893,66.63537420623999,0.0,0.0,0.011374748389423412,1.0247610955877684,0.0,0.7999350070655198,0.1602174309080793,0.03984756202640092,66.63537420623999,0.0
2000,0.2,piggyback,0.5506181714336358,0.8838476951361746,0.5513574562159341,0.043117794770038256,12.217298385475251,57.34859620484893,66.63537420623999,0.0,0.0,0.05069231282338813,1.0247610955877684,0.0,0.7999350070655198,0.1602174309080793,0.03984756202640092,66.63537420623999,0.0
2000,0.3,recserve,0.593523355604902,0.8915075561018836,0.8973819368879217,0.10107783396274723,16.91815034746802,63.2713916007232,116.80697123491932,0.0,0.0,nan,1.0607945055473669,0.0,0.6995061521720934,0.2104195490868985,0.09007429874100809,116.80697123491932,0.0
2000,0.3,recserve_no_onu,0.6480238701323,0.8976071335112198,1.2776491858650216,0.3194122964662554,5.613853555853502,14.936179299596397,231.27505645789378,0.0,0.3004938478279066,nan,1.1970276784769207,0.0,0.6995061521720934,0.0,0.3004938478279066,190.0816287318191,-0.21671440844077217
2000,0.3,static_day,0.593523355604902,0.8915075561018836,0.8973819368879217,0.10107783396274723,16.91815034746802,63.2713916007232,116.80697123491932,0.0,0.0,0.16445624804261358,1.0607945055473669,0.0,0.6995061521720934,0.2104195490868985,0.09007429874100809,116.80697123491932,0.0
2000,0.3,static_hour,0.593523355604902,0.8915075561018836,0.8973819368879217,0.10107783396274723,16.91815034746802,63.2713916007232,116.80697123491932,0.0,0.0,0.16811686794309036,1.0607945055473669,0.0,0.6995061521720934,0.2104195490868985,0.09007429874100809,116.80697123491932,0.0
2000,0.3,broadcast,0.593523355604902,0.8915075561018836,0.8973819368879217,0.10107783396274723,16.91815034746806,63.2713916007232,116.80697123491797,0.0,0.0,0.023900101333096967,1.060794505547369,0.0,0.6995061521720934,0.2104195490868985,0.09007429874100809,116.80697123491932,1.1546319456101628e-14
2000,0.3,oracle,0.593523355604902,0.8915075561018836,0.8973819368879217,0.10107783396274723,16.91815034746802,63.2713916007232,116.80697123491932,0.0,0.0,0.02200444356710613,1.0607945055473669,0.0,0.6995061521720934,0.2104195490868985,0.09007429874100809,116.80697123491932,0.0
2000,0.3,piggyback,0.593523355604902,0.8915075561018836,0.8973819368879217,0.10107783396274723,16.91815034746802,63.2713916007232,116.80697123491932,0.0,0.0,0.08053333115923447,1.0607945055473669,0.0,0.6995061521720934,0.2104195490868985,0.09007429874100809,116.80697123491932,0.0
2000,0.4,recserve,0.6383290907389992,0.8994558223687152,1.271470927971088,0.17462373029901673,22.04576543119166,67.59357533427573,176.90788762197027,0.0,0.0,nan,1.1059355760763732,0.0,0.5999487934455611,0.24017843514739118,0.15987277140704778,176.90788762197027,0.0
2000,0.4,recserve_no_onu,0.6938192704050734,0.905366368510269,1.6944105485502143,0.4236026371375536,6.472266701061146,15.872959933996006,286.6311229750237,0.0,0.400051206554439,nan,1.2655129324390955,0.0,0.5999487934455611,0.0,0.400051206554439,252.5068531399316,-0.13514195520143546
2000,0.4,static_day,0.6383290907389992,0.8994558223687152,1.271470927971088,0.17462373029901673,22.04576543119166,67.59357533427573,176.90788762197027,0.0,0.0,0.12889772231433314,1.1059355760763732,0.0,0.5999487934455611,0.24017843514739118,0.15987277140704778,176.90788762197027,0.0
2000,0.4,static_hour,0.6383290907389992,0.8994558223687152,1.271470927971088,0.17462373029901673,22.04576543119166,67.59357533427573,176.90788762197027,0.0,0.0,0.10707814999455302,1.1059355760763732,0.0,0.5999487934455611,0.24017843514739118,0.15987277140704778,176.90788762197027,0.0
2000,0.4,broadcast,0.6383290907389992,0.8994566891211111,1.2715503473675398,0.1746706630756429,22.043540610009856,67.59357533427573,176.9200087732572,0.0,5.908448589111714e-05,0.0349220999348114,1.1060664876235595,0.0,0.5999487934455611,0.24013412178297283,0.15991708477146613,176.90788762197027,-6.851673743812903e-05
2000,0.4,oracle,0.6383241670318416,0.8994561657419031,1.271522725370386,0.17465704902535217,22.04417427210213,67.59357533427573,176.92204694477394,0.0,4.431336441833785e-05,0.03251200949248106,1.1059616651092683,0.0,0.5999487934455611,0.24014396919728803,0.15990723735715096,176.90128312566392,-0.0001173751752567842
2000,0.4,piggyback,0.6383290907389992,0.8994558223687152,1.271470927971088,0.17462373029901673,22.04576543119166,67.59357533427573,176.90788762197027,0.0,0.0,0.11796130448094201,1.1059355760763732,0.0,0.5999487934455611,0.24017843514739118,0.15987277140704778,176.90788762197027,0.0
2000,0.5,recserve,0.6869950122846493,0.9070546070198091,1.6650777798019685,0.2664251916553011,27.148308515386827,71.67658275858486,243.03752557511717,0.0,0.0,nan,1.1656447493039592,0.0,0.499963072196318,0.2501341710200444,0.24990275678363755,243.03752557511717,0.0
2000,0.5,recserve_no_onu,0.7407668181527235,0.91234717134183,2.1051159877695116,0.5262789969423779,7.328495099892609,16.291771626393295,336.19837231225046,0.0,0.5000369278036819,nan,1.3338264745386383,0.0,0.499963072196318,0.0,0.5000369278036819,317.75786127056085,-0.05803321739375655
2000,0.5,static_day,0.6869950122846493,0.9070546070198091,1.6650777798019685,0.2664251916553011,27.148308515386827,71.67658275858486,243.03752557511717,0.0,0.0,0.1635689520416283,1.1656447493039592,0.0,0.499963072196318,0.2501341710200444,0.24990275678363755,243.03752557511717,0.0
2000,0.5,static_hour,0.6869950122846493,0.9070546070198091,1.6650777798019685,0.2664251916553011,27.148308515386827,71.67658275858486,243.03752557511717,0.0,0.0,0.09646111490178327,1.1656447493039592,0.0,0.499963072196318,0.2501341710200444,0.24990275678363755,243.03752557511717,0.0
2000,0.5,broadcast,0.6872018079852683,0.9070758630888263,1.6669810486511505,0.2675563247480293,27.06263958066203,71.63918617625919,243.24305220478973,0.0,0.0020925755419770654,0.04542717976470219,1.168182880951938,0.0,0.499963072196318,0.2490804976883195,0.25095643011536245,243.32447489526317,0.00033462597837097263
2000,0.5,oracle,0.6872264265210563,0.9070801977944205,1.6672266825538284,0.2677011408229484,27.052034141355804,71.63797873495885,243.27255266886021,0.0,0.002378150557117465,0.04248287594043942,1.1685066233213788,0.0,0.499963072196318,0.24893771018074928,0.25109921762293264,243.35863552861383,0.0003537283958164883
2000,0.5,piggyback,0.6869950122846493,0.9070546070198091,1.6650777798019685,0.2664251916553011,27.148308515386827,71.67658275858486,243.03752557511717,0.0,0.0,0.1634108019948758,1.1656447493039592,0.0,0.499963072196318,0.2501341710200444,0.24990275678363755,243.03752557511717,0.0
2000,0.6,recserve,0.7395802047277437,0.9143322749038277,2.0991180852687608,0.3824543449253812,32.30032819129634,73.77763861982693,316.0046384122147,0.0,0.0,nan,1.2423414296422937,0.0,0.40034170527673696,0.24020797739033672,0.3594503173329263,316.0046384122147,0.0
2000,0.6,recserve_no_onu,0.7832928768728551,0.9186366740721438,2.5152621135505346,0.6288155283876337,8.181269542967144,16.643619742792858,380.76828902352673,0.0,0.599658294723263,nan,1.4019248706450744,0.0,0.40034170527673696,0.0,0.599658294723263,380.5901676088876,-0.00046801370555149546
2000,0.6,static_day,0.7590534665360243,0.9162609940898393,2.2857255821052784,0.4931650131216796,21.46560953353206,66.46682716036638,345.2355434919021,0.0,0.26962712765695546,0.5829224806559722,1.3291432434536208,0.0,0.40034170527673696,0.13212275786685312,0.4675355368564099,344.77640772656946,-0.0013316913658916185
2000,0.6,static_hour,0.7489450957414857,0.915255587105892,2.1885198745439416,0.43557496097962073,27.089089619514105,71.6962443503873,327.7393104557669,0.0,0.12977907325983878,0.39827322203533794,1.2992056012354543,0.0,0.40034170527673696,0.1882431720490992,0.41141512267416386,329.8412769042255,0.006372660414690756
2000,0.6,broadcast,0.7759811717438294,0.9179246030739416,2.4470973860038696,0.5884775405098006,12.145518022431961,49.69624833875998,366.93493134077374,0.00021171940777650307,0.5009084239705759,0.03065522790181688,1.3965739858783812,0.0,0.40025307854790027,0.039493055111054214,0.5602538663410455,369.78711389667103,0.007713039337261085
2000,0.6,oracle,0.7760796458869812,0.9179317004747832,2.447420479667551,0.5886134200562287,12.141944418430752,49.674486595041195,366.9576231030796,0.000310193550928365,0.5009379662135215,0.01877410057470353,1.396780546948585,0.0,0.4001939940620092,0.03941919950369032,0.5603868064343005,369.93260956956277,0.00804196869787921
2000,0.6,piggyback,0.7597280144166145,0.916324786284271,2.292397569658147,0.49710571199267356,21.06443496245256,66.16292341913643,346.6380067230022,0.0,0.2795976346510815,0.30643097942384145,1.3298787951494684,0.0,0.40034170527673696,0.12824287662666975,0.47141541809659326,345.77305308587825,-0.002501506781412255
2000,0.7,recserve,0.7904027100084196,0.9211601015402179,2.564093914790324,0.5160908374733505,37.70238497465529,77.33583568112451,391.0949551916761,0.0,0.0,nan,1.3301245509567934,0.0,0.30057262714242805,0.2100699658787094,0.48935740697886254,391.0949551916761,0.0
2000,0.7,recserve_no_onu,0.8262423744085396,0.924374502848322,2.9252552892924144,0.7313138223231036,9.043354358299839,16.901046037055448,421.29139954008025,0.0,0.699427372857572,nan,1.471987857321278,0.0,0.30057262714242805,0.0,0.699427372857572,454.25511416256825,0.07256652395264174
2000,0.7,static_day,0.8259863416363449,0.9243455537454965,2.922374969842293,0.729612267908754,9.267334978287709,17.283414461725812,420.8677812806805,0.0,0.6938980497195949,1.1209956917782424,1.4717641897834228,0.0,0.30057262714242805,0.0016888315550544317,0.6977385413025174,453.80390819107686,0.07257788290472011
2000,0.7,static_hour,0.8257500036927804,0.9243263062212077,2.920168262768404,0.7283192482483912,9.441544182478157,17.579919236970873,420.66589922070614,0.0,0.6897030512213256,0.9846422194363214,1.4711735554646488,0.0,0.30057262714242805,0.0029345294659254848,0.6964928433916464,453.38741037123856,0.07217119488108348
2000,0.7,broadcast,0.8279705956208548,0.9246175259770091,2.948959512356043,0.7357524753937735,9.369802870903868,17.371595519326792,421.0916558300745,0.022072979187489846,0.6760693061019503,0.0327194895487734,1.4835804907620136,0.0,0.293772987557792,0.0025209380646876644,0.7037060743775203,457.30075447013564,0.07918005445238296
2000,0.7,oracle,0.8276259361198234,0.9245795007211585,2.9453026947449272,0.7346928985371666,9.404874912174058,17.43934988542879,420.9244005784868,0.019655438973111634,0.6768423281256924,0.017187070945691794,1.482396254896833,0.0,0.2945607807030069,0.0027769708368825057,0.7026622484601106,456.6933618162049,0.07832161408142646
2000,0.7,piggyback,0.8221409263462647,0.9239979276125864,2.8829583995982255,0.7061770762042158,12.421679112613761,47.09542266807485,416.56359208370156,2.4618535787965475e-05,0.6173097848832343,0.4246978782701925,1.4635066130697036,0.0,0.3005578560209553,0.024559451302074358,0.6748826926769703,447.0271415807916,0.06814697959807059
2000,0.8,recserve,0.8322689919694336,0.9274439444052648,3.0527803484999927,0.6654513808536724,43.32332441939522,80.66416023435224,464.8758085684443,0.0,0.0,nan,1.433389921363777,0.0,0.20031610199951747,0.1604439214373286,0.6392399765631539,464.8758085684443,0.0
2000,0.8,recserve_no_onu,0.855558126824849,0.9293919910305952,3.3367163796966013,0.8341790949241503,9.912425864083831,17.259870642142662,458.20366717028355,0.0,0.7996838980004826,nan,1.5434001386749587,0.0,0.20031610199951747,0.0,0.7996838980004826,507.72337931284716,0.097532857773033
2000,0.8,static_day,0.8985420903106367,0.9343198231889437,3.90677240163664,0.9765861919556472,9.090143399415956,15.246235969557945,492.52357445206667,0.6962712765695548,0.24221684991063472,2.4322864585346786,1.6507976488194127,0.0,0.06078808856764435,0.00018217716483094452,0.9390297342675247,nan,nan
2000,0.8,static_hour,0.8985174717748488,0.9343140682590285,3.9061773814740595,0.9764220749486704,9.101666222509522,15.254767760998515,492.45436514243784,0.6955376442030734,0.24255658570450864,2.161054593720888,1.650867058048374,0.0,0.06092595236805696,0.00021171940777650307,0.9388623282241665,nan,nan
2000,0.8,broadcast,0.8795168858536969,0.9321301891176905,3.6532142846592053,0.9131256382355404,9.502777981256866,16.437335078606015,467.7881562790556,0.3849206544591554,0.49084929024761326,0.040811890729992285,1.6397723223129117,0.0,0.122940044017942,0.0003003461366131788,0.8767596098454449,nan,nan
2000,0.8,oracle,0.8780988581923101,0.9319223401627559,3.6316728688964495,0.9077029133575252,9.549363356068717,16.53668935178008,465.95720890407375,0.3592632164609378,0.5113220646088853,0.008987961348250357,1.637755293003642,0.0,0.12827241886961532,0.0003692780368194821,0.8713583030935652,nan,nan
2000,0.8,piggyback,0.8591278145141039,0.9298399236058748,3.386162935317259,0.8436520810048302,10.827392513902614,18.447537974006597,461.2575739482182,0.06981816749467008,0.7201463325767237,0.5331960135538731,1.554929759719066,0.0,0.18622445211448604,0.004775995942865302,0.8089995519426486,514.2909245115134,0.10311935917140214
2000,0.9,recserve,0.8725793824686483,0.9329577250058975,3.5915257386791666,0.8411237672268205,49.179807450091644,84.22304389993911,539.0392465566949,0.0,0.0,nan,1.558094297958665,0.0,0.100832598880349,0.09052727979950664,0.8086401213201444,539.0392465566949,0.0
2000,0.9,recserve_no_onu,0.8868925991757715,0.933672986273348,3.741705690328362,0.9354264225820905,10.78534864040073,17.535939299549195,491.52949862076053,0.0,0.899167401119651,nan,1.6167388589107135,0.0,0.100832598880349,0.0,0.899167401119651,nan,nan
2000,0.9,static_day,0.9172226352665449,0.9364728500328973,4.154521972043191,1.0385956356259756,8.705693533524347,13.800426546763628,507.2762681605989,0.9986755227746075,0.0008714961668939778,2.7601666866172523,1.6921489494268689,0.0,0.00017232975051575833,5.908448589111714e-05,0.9997685857635932,nan,nan
2000,0.9,static_hour,0.9170749240518171,0.9364566677434425,4.152261261749196,1.0380382965942718,8.714219020394818,13.817690313234907,507.11901001348957,0.9929590987646418,0.0060019990251059824,2.4513072542512204,1.6920008520037475,0.0,0.0007484034879541504,4.431336441833785e-05,0.9992072831476275,nan,nan
2000,0.9,broadcast,0.9171783219021266,0.936465940925462,4.153550672332212,1.0383458165722137,8.71464264838467,13.807773244567215,507.165834033437,0.9960216446166648,0.003146248873701988,0.03994390818365179,1.6922606657661359,0.0,0.0004185151083954131,6.893190020630333e-05,0.9995125529913983,nan,nan
2000,0.9,oracle,0.9170749240518171,0.9364537675476341,4.151766320858301,1.0378997287037357,8.721963332647391,13.82598364744335,506.94118857047545,0.9922205426910029,0.006484522326550106,5.809857496141608e-05,1.6924608651534554,0.0,0.0008468776311060123,6.893190020630333e-05,0.9990841904686877,nan,nan
2000,0.9,piggyback,0.9154353295683386,0.9363127111447711,4.130659038203043,1.0317738738250801,9.40312120649438,14.7106632154295,507.01856076824464,0.946479303196963,0.03421484103811442,0.706770939301873,1.6883000243092403,0.0,0.005435772701982777,0.0014377224900171837,0.993126504808,nan,nan
5000,0.1,recserve,0.5041598947831977,0.8758784924070488,0.2548886751727447,0.010972465505358592,7.475178326852319,44.716477425317,32.85306566053655,0.0,0.0,nan,1.0131497014093673,0.0,0.8996115588398504,0.09061520627667201,0.009773234883477526,32.85306566053655,0.0
5000,0.1,recserve_no_onu,0.5335664901862819,0.8794006484553797,0.43391391891117986,0.10847847972779497,3.8896686691821563,11.253499809941452,91.292753601517,0.0,0.10038844116014953,nan,1.1632097417338156,0.0,0.8996115588398504,0.0,0.10038844116014953,53.446043723863404,-0.7081293065057166
5000,0.1,static_day,0.5041598947831977,0.8758784924070488,0.2548886751727447,0.010972465505358592,7.475178326852319,44.716477425317,32.85306566053655,0.0,0.0,0.48967503921269245,1.0131497014093673,0.0,0.8996115588398504,0.09061520627667201,0.009773234883477526,32.85306566053655,0.0
5000,0.1,static_hour,0.5041598947831977,0.8758784924070488,0.2548886751727447,0.010972465505358592,7.475178326852319,44.716477425317,32.85306566053655,0.0,0.0,0.49036080003647875,1.0131497014093673,0.0,0.8996115588398504,0.09061520627667201,0.009773234883477526,32.85306566053655,0.0
5000,0.1,broadcast,0.5041598947831977,0.8758784924070488,0.2548886751727447,0.010972465505358592,7.475178326852319,44.716477425317,32.85306566053659,0.0,0.0,0.007555385350709369,1.0131497014093667,0.0,0.8996115588398504,0.09061520627667201,0.009773234883477526,32.85306566053655,-1.3322676295501878e-15
5000,0.1,oracle,0.5041598947831977,0.8758784924070488,0.2548886751727447,0.010972465505358592,7.475178326852319,44.716477425317,32.85306566053655,0.0,0.0,0.006771832723370536,1.0131497014093673,0.0,0.8996115588398504,0.09061520627667201,0.009773234883477526,32.85306566053655,0.0
5000,0.1,piggyback,0.5041598947831977,0.8758784924070488,0.2548886751727447,0.010972465505358592,7.475178326852319,44.716477425317,32.85306566053655,0.0,0.0,0.04226622473383458,1.0131497014093673,0.0,0.8996115588398504,0.09061520627667201,0.009773234883477526,32.85306566053655,0.0
5000,0.2,recserve,0.5511658171779068,0.8839175246315967,0.552663722913289,0.04329424763469548,12.243390963301563,57.34859620484893,65.77057669682486,0.0,0.0,nan,1.0620179311817508,0.0,0.7996299243852973,0.16036873275761626,0.04000134285708643,65.77057669682486,0.0
5000,0.2,recserve_no_onu,0.5972060673442828,0.8891165923747624,0.8555152680875937,0.21387881702189843,4.7664455515386654,13.981321492256724,146.25061811184415,0.0,0.20037007561470271,nan,1.3370558210957546,0.0,0.7996299243852973,0.0,0.20037007561470271,115.08636254448373,-0.270790169037749
5000,0.2,static_day,0.5511658171779068,0.8839175246315967,0.552663722913289,0.04329424763469548,12.243390963301563,57.34859620484893,65.77057669682486,0.0,0.0,0.438031980048742,1.0620179311817508,0.0,0.7996299243852973,0.16036873275761626,0.04000134285708643,65.77057669682486,0.0
5000,0.2,static_hour,0.5511658171779068,0.8839175246315967,0.552663722913289,0.04329424763469548,12.243390963301563,57.34859620484893,65.77057669682486,0.0,0.0,0.4469281715548541,1.0620179311817508,0.0,0.7996299243852973,0.16036873275761626,0.04000134285708643,65.77057669682486,0.0
5000,0.2,broadcast,0.5511658171779068,0.8839175246315967,0.552663722913289,0.04329424763469548,12.243390963301575,57.34859620484893,65.77057669682542,0.0,0.0,0.023349949880603807,1.0620179311817464,0.0,0.7996299243852973,0.16036873275761626,0.04000134285708643,65.77057669682486,-8.43769498715119e-15
5000,0.2,oracle,0.5511658171779068,0.8839175246315967,0.552663722913289,0.04329424763469548,12.243390963301563,57.34859620484893,65.77057669682486,0.0,0.0,0.021542871315313118,1.0620179311817508,0.0,0.7996299243852973,0.16036873275761626,0.04000134285708643,65.77057669682486,0.0
5000,0.2,piggyback,0.5511658171779068,0.8839175246315967,0.552663722913289,0.04329424763469548,12.243390963301563,57.34859620484893,65.77057669682486,0.0,0.0,0.08573699921380663,1.0620179311817508,0.0,0.7996299243852973,0.16036873275761626,0.04000134285708643,65.77057669682486,0.0
5000,0.3,recserve,0.5936316977465673,0.8915807624613968,0.8961841965468825,0.10081703572197329,16.914489087311573,63.29834969536961,111.09207508168845,0.0,0.0,nan,1.149777356216912,0.0,0.6997707269003897,0.21021440293216795,0.09001487016744243,111.09207508168845,0.0
5000,0.3,recserve_no_onu,0.6473953509497752,0.8976643093843936,1.2763132253649905,0.3190783063412476,5.620547475819768,14.960061951673389,187.6133992818655,0.0,0.3002292730996104,nan,1.5066605428726854,0.0,0.6997707269003897,0.0,0.3002292730996104,170.46365092779743,-0.10060648273532591
5000,0.3,static_day,0.5936316977465673,0.8915807624613968,0.8961841965468825,0.10081703572197329,16.914489087311573,63.29834969536961,111.09207508168845,0.0,0.0,0.33191538100382834,1.149777356216912,0.0,0.6997707269003897,0.21021440293216795,0.09001487016744243,111.09207508168845,0.0
5000,0.3,static_hour,0.5936316977465673,0.8915807624613968,0.8961841965468825,0.10081703572197329,16.914489087311573,63.29834969536961,111.09207508168845,0.0,0.0,0.3584556170068904,1.149777356216912,0.0,0.6997707269003897,0.21021440293216795,0.09001487016744243,111.09207508168845,0.0
5000,0.3,broadcast,0.5936316977465673,0.8915807624613968,0.8961841965468825,0.10081703572197329,16.91448908731156,63.29834969536961,111.09207508168804,0.0,0.0,0.04215848564072074,1.149777356216917,0.0,0.6997707269003897,0.21021440293216795,0.09001487016744243,111.09207508168845,3.6637359812630166e-15
5000,0.3,oracle,0.5936316977465673,0.8915807624613968,0.8961841965468825,0.10081703572197329,16.914489087311573,63.29834969536961,111.09207508168845,0.0,0.0,0.039417956979024116,1.149777356216912,0.0,0.6997707269003897,0.21021440293216795,0.09001487016744243,111.09207508168845,0.0
5000,0.3,piggyback,0.5936316977465673,0.8915807624613968,0.8961841965468825,0.10081703572197329,16.914489087311573,63.29834969536961,111.09207508168845,0.0,0.0,0.1579495684901387,1.149777356216912,0.0,0.6997707269003897,0.21021440293216795,0.09001487016744243,111.09207508168845,0.0
5000,0.4,recserve,0.6386509815692865,0.899577291761454,1.2708296605533755,0.1746164977892228,22.04875826141125,67.59357533427573,161.40023601502838,0.0,0.0,nan,1.2674229647627109,0.0,0.6000359411749605,0.23989154454237208,0.16007251428266747,161.40023601502838,0.0
5000,0.4,recserve_no_onu,0.6934099288483223,0.9054484757353265,1.6929458927333658,0.42323647318334146,6.484441349305342,15.916150839754632,219.97482115093837,0.0,0.39996405882503955,nan,1.6863338758769937,0.0,0.6000359411749605,0.0,0.39996405882503955,217.5479689909084,-0.011155480656918515
5000,0.4,static_day,0.6386509815692865,0.899577291761454,1.2708296605533755,0.1746164977892228,22.04875826141125,67.59357533427573,161.40023601502838,0.0,0.0,0.25241400899781974,1.2674229647627109,0.0,0.6000359411749605,0.23989154454237208,0.16007251428266747,161.40023601502838,0.0
5000,0.4,static_hour,0.6403749730934886,0.8997697142741097,1.2847951570254137,0.18283075656173295,21.535960023175775,67.5370525892401,162.08060219181692,0.0,0.013201470033551679,0.317937780126131,1.307632121436018,0.0,0.6000359411749605,0.231990410420571,0.16797364840446855,163.18712879254593,0.0067807222843886406
5000,0.4,broadcast,0.6436215275789274,0.9001563037752491,1.3136436254771586,0.19481968983950884,21.029492231283363,67.11992437436088,163.03472159666956,0.006066554366951497,0.0241398309184945,0.059790332490243216,1.3704047005702948,0.0,0.5963983783025891,0.22397671327828936,0.1796249084191215,166.5521364972867,0.02111900198094696
5000,0.4,oracle,0.643244342720826,0.9000970229949496,1.3089904123953608,0.19431001238193224,20.95119466249285,67.11989872582109,163.187771338001,0.0034262603602411615,0.027052645922157736,0.05066201863525636,1.362874091597598,0.0,0.5979762353791498,0.22287873013114579,0.17914503448970442,166.1611897384026,0.017894782801464282
5000,0.4,piggyback,0.6386529563591195,0.8995776819239488,1.270849001645,0.174627716570264,22.04850158198627,67.59357533427573,161.40779350287002,0.0,7.899159331968096e-06,0.2558635409394133,1.2674055698032771,0.0,0.6000359411749605,0.23987969580337412,0.16008436302166543,161.40228285669792,-3.4142306258422295e-05
5000,0.5,recserve,0.686804256856964,0.9070949605451512,1.6635105206928353,0.2660605154596422,27.146572497495466,71.68491654061671,211.31042328534448,0.0,0.0,nan,1.4155697370252975,0.0,0.500378172253018,0.25007751050094496,0.2495443172460371,211.31042328534448,0.0
5000,0.5,recserve_no_onu,0.7401275319274147,0.9124108559688024,2.102718321902591,0.5256795804756478,7.3454289419196535,16.345987615458878,245.85123894669192,0.0,0.49962182774698205,nan,1.8669597388963517,0.0,0.500378172253018,0.0,0.49962182774698205,261.5957438136621,0.06018639538029036
5000,0.5,static_day,0.7323290868769291,0.9116450944225438,2.0397700791693243,0.48838489246281963,10.190786588057469,42.336448958543876,239.85781621404882,0.0,0.42773947782607236,2.539904994927498,1.8314019582463823,0.0,0.500378172253018,0.0359490741197868,0.46367275362719523,254.29820838261352,0.056785268997404326
5000,0.5,static_hour,0.7045694661945603,0.9088702913254468,1.8106303805617487,0.3529719026902562,20.532669481545295,66.24530460792653,209.57143243079406,0.0,0.1670217997049664,1.6203584752110671,1.7465522871918853,0.0,0.500378172253018,0.16647083334156162,0.3331509944054204,228.08559852219148,0.08117200827826965
5000,0.5,broadcast,0.7698718163919405,0.9174264002001193,2.536877272736249,0.5612873496938089,17.46545179469858,62.39490567372567,214.40348179413755,0.3151507850776981,0.09889944962607354,0.0944099450463408,2.5616485501167277,0.0,0.34269317887843787,0.12172604530562835,0.5355807758159338,288.1339124075203,0.2558894577778912
5000,0.5,oracle,0.7677094215248143,0.9171496908000177,2.5131860824711727,0.5545117825835385,17.566043285672098,62.580521087314054,213.86741388277315,0.305022088024282,0.10099470163887808,0.019387881532299627,2.5432536331678124,0.0,0.3477861618577243,0.12320121331087339,0.5290126248314023,286.2046005890185,0.25274641482831883
5000,0.5,piggyback,0.6875546769935009,0.9071769057975307,1.6701439147838693,0.26996099987558825,26.852676420565825,71.67763781619458,211.7600928490468,0.0,0.00748445346703977,0.42314152393720555,1.42665081628389,0.0,0.500378172253018,0.2463234350284271,0.2532983927185549,212.01902339539356,0.0012212609142335795
5000,0.6,recserve,0.7388537924851347,0.9144186477983486,2.0996466627039214,0.38236009700167656,32.32843745995092,73.95584295770685,260.4592998657774,0.0,0.0,nan,1.6127327903807085,0.0,0.4002267058728275,0.2402055361258178,0.3595677580013547,260.4592998657774,0.0
5000,0.6,recserve_no_onu,0.7823919839331099,0.9187184980925057,2.51626462973678,0.629066157434195,8.21316184963287,16.72875181408145,266.76229709854783,0.0,0.5997732941271725,nan,2.053724157803581,0.0,0.4002267058728275,0.0,0.5997732941271725,299.30453974021594,0.10872619128969252
5000,0.6,static_day,0.782376185614446,0.9187161302450573,2.5160423355444395,0.6289322153389827,8.228025330842708,16.742848669158093,266.7289990409506,0.0,0.599407958008069,4.917841413611578,2.053828667373921,0.0,0.4002267058728275,0.00013033612897747358,0.599642957998195,299.290444311405,0.1087954723892719
5000,0.6,static_hour,0.7695558500186618,0.9174659425645724,2.3947100080373946,0.5570658533165609,15.238244450124387,57.40350175728176,253.36034870590697,0.0,0.4247832174460833,3.459592554341616,2.0522708550461077,0.0,0.4002267058728275,0.07010898865088283,0.5296643054762897,287.8520038313009,0.11982426617258568
5000,0.6,broadcast,0.8344079481341198,0.9258264062110553,3.1701807051184576,0.7695965030421636,12.356830717054162,49.247097756256395,254.12240694932436,0.43934729246439946,0.23983032605754934,0.0936251909134348,2.7036789692253302,0.0,0.22434994855672485,0.03870193114697768,0.7369481202962974,347.42045342943175,0.268545059909831
5000,0.6,oracle,0.8349589144975246,0.9258919432429267,3.175133829532192,0.7697489212710538,12.544474980434133,50.01215216374709,253.64396344782816,0.444414603175857,0.23224120872936097,0.012782284703543834,2.7137520400008963,0.0,0.22230209149991212,0.040518737793330345,0.7371791707067575,347.90180780122455,0.27093232124637623
5000,0.6,piggyback,0.7731440431452082,0.9178496924116721,2.4311389718849177,0.5744472642249048,13.845436940895613,54.87585359752128,263.557829291516,0.007705629928334877,0.45507451869434795,1.580703249361323,1.9955215061591087,0.0,0.3971499833130259,0.05612550184346631,0.5467245148435078,291.05342809999297,0.09446924912710775
5000,0.7,recserve,0.7883834962864077,0.9212421369214335,2.564757458287502,0.5155755051018696,37.74635843186144,77.44484566269898,304.6502311167772,0.0,0.0,nan,1.8499940776925694,0.0,0.3003754075472518,0.21048099955962188,0.48914359289312637,304.6502311167772,0.0
5000,0.7,recserve_no_onu,0.8246307636709763,0.9244602952550415,2.927414466915358,0.7318536167288395,9.089599715510037,17.01074045733666,283.9114168810359,0.0,0.6996245924527482,nan,2.2459954857572773,0.0,0.3003754075472518,0.0,0.6996245924527482,338.5113326589414,0.16129420350283008
5000,0.7,static_day,0.8355138304405954,0.9258916722687581,3.0738937523574057,0.7682663438543554,9.09627110061605,16.821453306526866,285.254653203393,0.11999020504242836,0.6146355624102705,11.335920918427707,2.3367878274573295,0.0,0.26431377040698445,0.0003455882207736042,0.735340641372242,348.3866127419908,0.18121235785070844
5000,0.7,static_hour,0.8249704275222509,0.9245342164760234,2.9341135109196004,0.7311188310034105,9.632840008829104,17.80653332087658,282.81437322321653,0.011052898695256358,0.678642450477208,5.994294682271491,2.2620961118729603,0.0,0.2970597354176582,0.004008823360973808,0.698931441221368,338.8286363617609,0.1653173820843732
5000,0.7,broadcast,0.8787024840881309,0.9315567515516523,3.652002863445258,0.9107681024047016,9.423968832585897,16.218946816157136,281.31022208927857,0.5943524960356094,0.2714783079210795,0.09494946406879433,2.7717683915401987,0.0,0.12189192765159967,0.0037343275741879172,0.8743737447742124,nan,nan
5000,0.7,oracle,0.8790638706275684,0.9315662196838709,3.653737886145467,0.912852678703669,9.051540109124405,15.672788231686848,282.105848038434,0.5919630003376891,0.282248811670218,0.007773607113437735,2.7621795018412088,0.0,0.12259495283214483,0.000983445336830028,0.8764216018310251,nan,nan
5000,0.7,piggyback,0.8383654269594358,0.9263221688981574,3.118345663262787,0.7742791602403715,10.239989101337317,18.534458765927813,285.5086523392709,0.16805263999778824,0.5524316574608548,2.8159871264976464,2.370043233722615,0.0,0.25017032562309555,0.008864831560301194,0.7409648428166032,350.87792354080386,0.18630203502652432
5000,0.8,recserve,0.8306992928277608,0.9274680488992154,3.053956554623674,0.6655063222896503,43.37351972859766,80.89611241121744,344.1803691633854,0.0,0.0,nan,2.125752724587728,0.0,0.20057742854716687,0.16037070754744925,0.6390518639053838,344.1803691633854,0.0
5000,0.8,recserve_no_onu,0.8543098800710135,0.9294277959039567,3.3381590140269326,0.8345397535067332,9.971003145032832,17.37659883646036,298.50096530309077,0.0,0.7994225714528331,nan,2.4388145119384257,0.0,0.20057742854716687,0.0,0.7994225714528331,364.80787048652167,0.18175842833380074
5000,0.8,static_day,0.9154473985106135,0.9363810383406417,4.144041999830168,1.0359929559246657,8.805814258226388,14.007489483105019,305.9875076986388,0.9838718914339541,0.01278281458895737,23.579056003297534,2.832684012772156,0.0,0.0032031091091130628,2.7647057661888334e-05,0.9967692438332251,nan,nan
5000,0.8,static_hour,0.9117012221974277,0.9359545992772701,4.094507757961859,1.023542792708286,8.898730233038025,14.3242494733819,304.0605910766647,0.9238501292499945,0.060533232750704505,16.7278445097992,2.8244385022940253,0.0,0.01527104977852732,0.0001323109188104656,0.9845966393026622,nan,nan
5000,0.8,broadcast,0.9071927770087068,0.935427713994852,4.033748775136607,1.0082391312504566,9.025923365947765,14.737124028788074,297.34374363679217,0.8498172332009566,0.11858020510167205,0.09726767797232092,2.8565522195583513,0.0,0.030113570163295373,0.0003376890614416361,0.969548740775263,nan,nan
5000,0.8,oracle,0.9078879030299201,0.9355059611568087,4.043029082729871,1.0106904892146853,8.971941347502032,14.621093267869599,298.19823613285473,0.8604356781329547,0.111164869278787,0.002094163691828552,2.852993332489388,0.0,0.027903780340177296,0.00011256302048054536,0.9719836566393422,nan,nan
5000,0.8,piggyback,0.8929288700450054,0.9337950306285503,3.84479294921038,0.9589869347904649,9.966665070356685,16.63429166729823,300.46680150764524,0.6254554359052338,0.28175906379163596,3.4086929410673403,2.7265065902058403,0.0,0.07513285398601453,0.0036158401842083954,0.9212513058297771,nan,nan
5000,0.9,recserve,0.8715122743062069,0.9329969234367312,3.5934518220398393,0.841399798176479,49.25964071146629,84.34521423053621,379.83682365027533,0.0,0.0,nan,2.4601782590559163,0.0,0.10092163441505737,0.09050066846635847,0.8085776971185842,379.83682365027533,0.0
5000,0.9,recserve_no_onu,0.8858808451310569,0.933716760138487,3.742971750631439,0.9357429376578598,10.857935671918742,17.670426251797352,310.8775492618403,0.0,0.8990783655849426,nan,2.634283727984913,0.0,0.10092163441505737,0.0,0.8990783655849426,nan,nan
5000,0.9,static_day,0.9164229446881116,0.9364913410388325,4.156605134848523,1.0391431031452478,8.78639602272296,13.941822387464343,306.1168438109831,0.9992298319651332,0.0005667646820687108,23.720855675082664,2.8382447297826374,0.0,8.886554248464107e-05,1.3823528830944167e-05,0.9998973109286844,nan,nan
5000,0.9,static_hour,0.9164091211592806,0.9364897834744947,4.156381711076398,1.0390820604167201,8.79148228788864,13.946975137200207,306.0952598014278,0.9987223109780542,0.0010466386114857727,16.801529042555458,2.838426526049934,0.0,0.00013823528830944168,2.3697477995904285e-05,0.9998380672336946,nan,nan
5000,0.9,broadcast,0.9163794993117858,0.9364868780932252,4.155944705884677,1.0389694855475007,8.792798887884539,13.951058382634073,306.0454633418245,0.997529537918927,0.0020300839483158007,0.09587338258084448,2.838708280622072,0.0,0.0002567226782889631,2.7647057661888334e-05,0.9997156302640492,nan,nan
5000,0.9,oracle,0.9163538270439568,0.9364839376199842,4.155524865566181,1.038864525467877,8.795468154799714,13.956614978145808,305.9966838069919,0.9964177312429525,0.0030313023936427565,2.9039452293703573e-05,2.839038455941933,0.0,0.00036336132927053237,2.7647057661888334e-05,0.9996089916130676,nan,nan
5000,0.9,piggyback,0.9153368102799659,0.9364028552309172,4.1425585258588855,1.0347479634979848,9.417396203699045,14.609982619574287,307.00136053587613,0.9706723961902355,0.012857856602611068,3.366174236656289,2.832840200977521,0.0,0.002960209959655044,0.0014178991000882732,0.9956218909402567,nan,nan
10000,0.1,recserve,0.504365109142539,0.8758526612269051,0.25499669630056754,0.010978720463189325,7.475074832493028,44.716477425317,32.76325455330991,0.0,0.0,nan,1.0296414329860881,0.0,0.8994741331985261,0.0907678089738982,0.00975805782757572,32.76325455330991,0.0
10000,0.1,recserve_no_onu,0.5341685064434974,0.8794066419079694,0.4349909992456586,0.10874774981141465,3.8934522176689477,11.308654445558961,81.67955616854948,0.0,0.10052586680147393,nan,1.3412696547665723,0.0,0.8994741331985261,0.0,0.10052586680147393,52.3244261756426,-0.5610215369465801
10000,0.1,static_day,0.504365109142539,0.8758526612269051,0.25499669630056754,0.010978720463189325,7.475074832493028,44.716477425317,32.76325455330991,0.0,0.0,0.7015333709584017,1.0296414329860881,0.0,0.8994741331985261,0.0907678089738982,0.00975805782757572,32.76325455330991,0.0
10000,0.1,static_hour,0.5124051642766024,0.8768117017531862,0.30327379038787367,0.0372746405029996,6.507801349632397,39.32691105538473,43.26541147203566,0.0,0.02717603800932856,0.7173295618890341,1.4280137944697116,0.0,0.8994741331985261,0.06624776363442482,0.0342781031670491,38.04026699394784,-0.13735824932351637
10000,0.1,broadcast,0.504365109142539,0.8758526612269051,0.25499669630056754,0.010978720463189325,7.475074832493027,44.716477425317,32.763254553309835,0.0,0.0,0.01326818381850605,1.0296414329860892,0.0,0.8994741331985261,0.0907678089738982,0.00975805782757572,32.76325455330991,2.3314683517128287e-15
10000,0.1,oracle,0.504365109142539,0.8758526612269051,0.25499669630056754,0.010978720463189325,7.475074832493028,44.716477425317,32.76325455330991,0.0,0.0,0.011937204343086014,1.0296414329860881,0.0,0.8994741331985261,0.0907678089738982,0.00975805782757572,32.76325455330991,0.0
10000,0.1,piggyback,0.504365109142539,0.8758526612269051,0.25499669630056754,0.010978720463189325,7.475074832493028,44.716477425317,32.76325455330991,0.0,0.0,0.05918853731068775,1.0296414329860881,0.0,0.8994741331985261,0.0907678089738982,0.00975805782757572,32.76325455330991,0.0
10000,0.2,recserve,0.5517740846205189,0.8838711858713795,0.5513748267186939,0.04305943301961682,12.217127453493285,57.34859620484893,63.8796771677849,0.0,0.0,nan,1.1244494885747318,0.0,0.7998082551016781,0.16036370314493228,0.0398280417533896,63.8796771677849,0.0
10000,0.2,recserve_no_onu,0.5979310903195485,0.8891120861523463,0.8542650226499896,0.2135662556624974,4.770782763446713,14.042696328853829,118.98461033020331,0.0,0.2001917448983219,nan,1.696672821593404,0.0,0.7998082551016781,0.0,0.2001917448983219,106.41899007562466,-0.11807686058333311
10000,0.2,static_day,0.5517740846205189,0.8838711858713795,0.5513748267186939,0.04305943301961682,12.217127453493285,57.34859620484893,63.8796771677849,0.0,0.0,0.6373482623416645,1.1244494885747318,0.0,0.7998082551016781,0.16036370314493228,0.0398280417533896,63.8796771677849,0.0
10000,0.2,static_hour,0.5714323798089265,0.886111883554702,0.6806973511163067,0.11587814819056796,9.039003167253298,48.98527067755946,77.73742609157271,0.0,0.08554073641099363,0.3921662116753035,1.8319967277088083,0.0,0.7998082551016781,0.09182329453675143,0.10836845036157045,82.09326256442591,0.05305960972661772
10000,0.2,broadcast,0.5517740846205189,0.8838711858713795,0.5513748267186939,0.04305943301961682,12.217127453493283,57.34859620484893,63.87967716778579,0.0,0.0,0.0367073156962439,1.1244494885747365,0.0,0.7998082551016781,0.16036370314493228,0.0398280417533896,63.8796771677849,-1.3988810110276972e-14
10000,0.2,oracle,0.5517740846205189,0.8838711858713795,0.5513748267186939,0.04305943301961682,12.217127453493285,57.34859620484893,63.8796771677849,0.0,0.0,0.03424464057546119,1.1244494885747318,0.0,0.7998082551016781,0.16036370314493228,0.0398280417533896,63.8796771677849,0.0
10000,0.2,piggyback,0.5517740846205189,0.8838711858713795,0.5513748267186939,0.04305943301961682,12.217127453493285,57.34859620484893,63.8796771677849,0.0,0.0,0.14442802824723447,1.1244494885747318,0.0,0.7998082551016781,0.16036370314493228,0.0398280417533896,63.8796771677849,0.0
10000,0.3,recserve,0.5942907018534682,0.8915287053819767,0.8954965304244454,0.10081475882796671,16.891438044995382,63.29834969536961,103.27170131468402,0.0,0.0,nan,1.3023783455885118,0.0,0.6997800166666008,0.21030920099051742,0.08991078234288175,103.27170131468402,0.0
10000,0.3,recserve_no_onu,0.6478894238174415,0.8976613598966454,1.2759463469733534,0.31898658674333835,5.634074335351977,15.041417847164029,141.92607321077023,0.0,0.30021998333339917,nan,2.0654159095117395,0.0,0.6997800166666008,0.0,0.30021998333339917,148.19583097971383,0.04230724796706231
10000,0.3,static_day,0.5942907018534682,0.8915287053819767,0.8954965304244454,0.10081475882796671,16.891438044995382,63.29834969536961,103.27170131468402,0.0,0.0,0.4766553094163736,1.3023783455885118,0.0,0.6997800166666008,0.21030920099051742,0.08991078234288175,103.27170131468402,0.0
10000,0.3,static_hour,0.6182558520700945,0.894267149290335,1.065645670830684,0.19833139284599982,11.865218230200513,55.02408376936994,106.73585333842092,0.0,0.1342046437415334,1.0959661648553578,2.113221894699596,0.0,0.6997800166666008,0.11631766857160912,0.18390231476179003,123.99071211087373,0.13916251047113382
10000,0.3,broadcast,0.6069436929553991,0.8932824942091587,1.0226192669065288,0.138119227412214,16.515224705492326,62.84185534884983,104.08404531969171,0.03818014146863559,0.0020458055062973685,0.05528333776601792,1.760520560994596,0.0,0.6730700115718342,0.20084833788176193,0.12608165054640386,114.21081318651869,0.08866733003895932
10000,0.3,oracle,0.6066070039217855,0.8932355782217684,1.019236140457581,0.13715892216065498,16.52231860297796,62.84185534884983,104.00503812275004,0.03712663062152203,0.002085299821090754,0.041674037311612434,1.7508992208977092,0.0,0.6738075679006007,0.201044822097859,0.1251476100015403,113.91972952297631,0.08703225895762501
10000,0.3,piggyback,0.594291689211338,0.891528765592765,0.8955024446980857,0.1008179242972974,16.89132606395714,63.29834969536961,103.27207128419737,0.0,3.949431479338549e-06,0.30587223085072174,1.3024119235108182,0.0,0.6997800166666008,0.21030623891690792,0.08991374441649125,103.27255493246564,4.683221680568117e-06
10000,0.4,recserve,0.6390782421870371,0.8995407947757461,1.2702141105287894,0.17447796019762954,22.03198299048795,67.59357533427573,141.99265750807402,0.0,0.0,nan,1.547214695253805,0.0,0.6000509476660835,0.24005039474567635,0.15989865758824018,141.99265750807402,0.0
10000,0.4,recserve_no_onu,0.6939111614883038,0.9054446750234059,1.6917676194011873,0.4229419048502968,6.506952058097275,15.998225750015767,157.66571772514055,0.0,0.39994905233391653,nan,2.4454985911098577,0.0,0.6000509476660835,0.0,0.39994905233391653,179.70455857294633,0.12263929764953452
10000,0.4,static_day,0.6936791323888927,0.9054181476766009,1.6899043072499715,0.4218498840841861,6.57587647323736,16.077045294835354,157.39352503359683,0.0,0.39817378288395383,6.674525010740087,2.4465628042717396,0.0,0.6000509476660835,0.001053510847113558,0.39889554148680295,179.57284034301696,0.1235115247219657
10000,0.4,static_hour,0.6685419883807726,0.902713148788515,1.4966380267060555,0.30790596601119263,13.703712721384662,57.79916667804041,135.73282015277138,0.0,0.21473552632098608,3.106346469784564,2.4401286185849163,0.0,0.6000509476660835,0.11113601447071694,0.2888130378631996,162.73547458194247,0.1659297365773459
10000,0.4,broadcast,0.7870723259386811,0.9190509112146061,2.7853912622777957,0.6444190455408945,13.419972237156443,54.411676620666604,134.88159947668385,0.5058945264829128,0.05241093044656222,0.030312589745472206,4.821270823998672,0.0,0.2965381258367858,0.08711557221337989,0.6163463019498343,229.6557041926214,0.4126790799694082
10000,0.4,oracle,0.7882453070880446,0.919216749185738,2.7972379473224827,0.6490722262155363,13.242914581346504,53.55867884161638,135.0035253142968,0.5087203447063795,0.05605033155477269,0.008631995713393988,4.830754375115903,0.0,0.2948457944478892,0.08423742402281191,0.6209167815292989,230.24920623506205,0.41366344960828516
10000,0.4,piggyback,0.6406698630732106,0.8997161920118596,1.2829175516684372,0.18199166768693648,21.562177476731662,67.47643424993998,142.76197451137202,1.1848294438015648e-05,0.012067487885118936,0.6871467411361226,1.5840358582946295,0.0,0.6000390993716455,0.23278047875008392,0.16718042187827062,143.11317696529989,0.002454018989551332
10000,0.5,recserve,0.6873748523899985,0.9071147571802824,1.663778693607055,0.2662915430823733,27.146727107539775,71.68491654061671,175.99402801068035,0.0,0.0,nan,1.8646698059478524,0.0,0.5002261049521921,0.24997827812686363,0.24979561692094424,175.99402801068035,0.0
10000,0.5,recserve_no_onu,0.7404868069241433,0.9124247414107663,2.101898242897935,0.5254745607244837,7.382570437902648,16.414507875110562,168.8440262738318,0.0,0.4997738950478079,nan,2.833695924782569,0.0,0.5002261049521921,0.0,0.4997738950478079,206.08448082020124,0.18070479833394126
10000,0.5,static_day,0.7403890584950297,0.912414451118693,2.1010687753997814,0.5249836138087922,7.418767728429494,16.461255237831573,168.67423944275518,0.0,0.49885762694460134,11.927581162988684,2.8357173125845856,0.0,0.5002261049521921,0.0004739317775206259,0.49929996327028725,206.03502231666454,0.18133219514732735
10000,0.5,static_hour,0.7300425353770325,0.9114211941552772,2.019731671675862,0.47235824898005935,11.700291128487965,50.59094796647088,158.42339316469136,0.006384255986350765,0.3877443217048906,5.660448038879791,2.9335259621181353,0.0,0.4970389137483659,0.05443106464824388,0.44853002160339017,200.2156092369284,0.20873605325537603
10000,0.5,broadcast,0.8614420954103656,0.9292044476248983,3.5320724305986158,0.8627666735123478,11.218708022113182,41.11591671630928,154.15705492550032,0.7254226879040762,0.06957219758215805,0.049591427254386915,5.117328132952962,0.0,0.13738393608240093,0.033854526640890045,0.828761537276709,265.7419067392122,0.4198993421207612
10000,0.5,oracle,0.8617195429717892,0.9292273461754357,3.5341447249418447,0.8639979374094099,11.124090886575027,39.82866639872036,154.2454663391733,0.7253190153277436,0.07197542663733555,0.005221360719994527,5.113578300012009,0.0,0.137443177554591,0.03266476040773931,0.8298920620376696,265.8690973877537,0.41984432243279557
10000,0.5,piggyback,0.748638433497498,0.9139585615906809,2.2355294291886683,0.5254891282024953,11.96046313652882,50.88493695743556,170.36159139687064,0.11263581107499575,0.3320109320263348,4.248622219073493,2.9759172257253135,0.0,0.44385290737398353,0.05582718867619006,0.5003199039498264,210.20902026665755,0.1895609846772467
10000,0.6,recserve,0.7395122847066165,0.9144377973074879,2.0982367782907647,0.3821346440179936,32.31745101359123,73.77763861982693,205.59139452736542,0.0,0.0,nan,2.282235107211465,0.0,0.4003894139438628,0.24006125568224454,0.3595493303738927,205.59139452736542,0.0
10000,0.6,recserve_no_onu,0.7826450132503426,0.918716577076643,2.5141621715554043,0.6285405428888511,8.263754085398135,16.828327945890027,177.317111740231,0.0,0.5996105860561373,nan,3.2258818994490244,0.0,0.4003894139438628,0.0,0.5996105860561373,227.4155836889986,0.22029480625777864
10000,0.6,static_day,0.7826420511767331,0.9187161153221332,2.5141229931951297,0.6285160623378264,8.26635224183875,16.83072035717348,177.30979276306195,0.0,0.5995503572260773,16.59724505321515,3.2260165733087316,0.0,0.4003894139438628,2.3696588876031296e-05,0.5995868894672612,227.41408494646717,0.22032185119580294
10000,0.6,static_hour,0.8091921042965865,0.9223333356621864,2.845477638318964,0.7014404672572383,10.119829009650674,20.49617090402837,170.22881330152697,0.21970588583773365,0.42592446317352617,9.227239661923768,3.8210302969531442,0.0,0.3123891690791111,0.01679890679736652,0.6708119241235224,240.79690763535515,0.2930606336551931
10000,0.6,broadcast,0.8917559567300287,0.9332337983405306,3.849820441072507,0.9550052428702888,10.096345200237934,16.77746332127135,165.38413511037518,0.8269675080272195,0.07241677560515164,0.057879790265575964,5.089857540769964,0.0,0.06922168553836676,0.012585850766782121,0.9181924636948511,nan,nan
10000,0.6,oracle,0.891593042681506,0.9332028597173132,3.846999612955715,0.9552851993080597,9.927469525953967,16.411299295383724,165.8084480253277,0.8237013281938065,0.07846829198936812,0.0035070128002901288,5.06730937304863,0.0,0.07057930260938938,0.010923140113980592,0.9184975572766301,nan,nan
10000,0.6,piggyback,0.8469121369978792,0.9272861274496402,3.3026236902697854,0.8146340555527032,10.45509796014914,21.108417478800455,177.3818345785803,0.49924664594531615,0.2539731280682146,3.5579047863085806,4.152510306233157,0.0,0.20044648322873923,0.018569239457980023,0.7809842773132808,259.08091889602207,0.3153419582791829
10000,0.7,recserve,0.789007547363557,0.9212353614147524,2.5634455906572247,0.5156635795277269,37.73990416231777,76.9635390532434,230.63488264647975,0.0,0.0,nan,2.7798424894536597,0.0,0.300501380326302,0.21004853851288108,0.4894500811608169,230.63488264647975,0.0
10000,0.7,recserve_no_onu,0.8249967417190296,0.9244453103815932,2.9256653251764413,0.7314163312941103,9.159672682358462,17.16482626213131,183.8810825457278,0.0,0.699498619673698,nan,3.6281993110658495,0.0,0.300501380326302,0.0,0.699498619673698,248.75383832052512,0.26079097397165496
10000,0.7,static_day,0.9112621988064818,0.9357866647468441,4.081384396191169,1.0203159308217582,8.949240676577581,14.409716853918507,181.92650919303884,0.9399409954936987,0.04196567154158159,27.84104994083013,4.797204687262372,0.0,0.018033104134659816,5.232996710123578e-05,0.981914565898239,nan,nan
10000,0.7,static_hour,0.8650706355820079,0.9297257925757708,3.4614482288774533,0.864948260472905,9.188679963286363,16.209815739062602,177.0347395624374,0.43678737445744686,0.3915910679657663,12.156490909794709,4.361222037972094,0.0,0.16923708832113618,0.0006960872982334193,0.8300668243806304,267.40534315697,0.33795361950372105
10000,0.7,broadcast,0.9072229177609883,0.9352623103385785,4.026002458521096,1.0060161423138139,9.076503798393432,14.660701159108822,174.0803099733844,0.8957991872070016,0.07026927223826131,0.062421309434058096,4.975558226596065,0.0,0.03125876280109478,0.0008135828847437411,0.9679276543141615,nan,nan
10000,0.7,oracle,0.9070402565550689,0.935235850651944,4.023389492932492,1.0045499553714243,9.263386916098634,14.85693445846298,173.56887914086974,0.8954842200465243,0.06590021366424303,0.0018342958450619483,4.995426496222319,0.0,0.03136934688251626,0.0021790988187250443,0.9664515542987587,nan,nan
10000,0.7,piggyback,0.8925981729929977,0.9333127752622935,3.8288040608054468,0.953408763196038,9.856762851542275,16.42443711045198,180.25713294603358,0.7427014506261823,0.15885304560408528,2.9734417505836443,4.639744236930418,0.0,0.07728346254556656,0.006346736387297049,0.9163698010671364,nan,nan
10000,0.8,recserve,0.8312240078040766,0.927474663453897,3.052026686308506,0.6650581968475637,43.38950325535072,80.85209471245318,251.88898930642918,0.0,0.0,nan,3.3623383085155734,0.0,0.20057483975181772,0.16037357672363065,0.6390515835245516,251.88898930642918,0.0
10000,0.8,recserve_no_onu,0.8544318545345397,0.929432088643296,3.33650617888555,0.8341265447213875,10.0639791193146,17.528944136276372,189.21286250368982,0.0,0.7994251602481822,nan,4.033622553450902,0.0,0.20057483975181772,0.0,0.7994251602481822,262.52819284368013,0.27926650294524835
10000,0.8,static_day,0.9167775798673781,0.9365135153722965,4.155183946745866,1.0387863278581049,8.932850801206783,14.179066649102605,181.70205351631023,0.9996672603978657,0.00021129458414461237,28.221673311435012,4.8695536950409535,0.0,7.503919810743243e-05,1.5797725917354196e-05,0.9999091630759752,nan,nan
10000,0.8,static_hour,0.9043970995375216,0.9351134509167818,3.9920858507667822,0.9979987292704215,9.17512631119068,15.088812609060419,178.45484168640877,0.8006445472174281,0.15924008988906047,18.39868420868887,4.843983915530486,0.0,0.03997515807599496,3.751959905371622e-05,0.9599873223249513,nan,nan
10000,0.8,broadcast,0.9139438627809526,0.9361864094615521,4.11690123459228,1.0292069215761392,8.992942463234654,14.384100124356335,178.57804413155412,0.9527746730858093,0.03764301878744555,0.06369278182888508,4.929384519097958,0.0,0.00947073668745384,3.060809396487375e-05,0.9904986552185813,nan,nan
10000,0.8,oracle,0.9135074506024857,0.9361381089747906,4.1112872796710915,1.0278034328458419,9.000915105782006,14.411637207213788,178.1503792547347,0.9460162084667912,0.043039916903961674,0.0006956715950976555,4.937429645110729,0.0,0.01083329054782564,3.060809396487375e-05,0.9891361013582095,nan,nan
10000,0.8,piggyback,0.9108642935849385,0.9358244187310897,4.074780741387277,1.016730521403944,9.704095674393782,15.309276052517813,182.04818558282565,0.9076464942871474,0.0581287198707746,2.7003049465659257,4.828328323274601,0.0,0.018484326681174244,0.0032138498663117445,0.978301823452514,nan,nan
10000,0.9,recserve,0.8723711596715653,0.9330180178485847,3.5932394816766124,0.8413350993874431,49.334466365225666,84.32113537718682,270.75213196592273,0.0,0.0,nan,4.067760565291472,0.0,0.10068088198703797,0.09046962689720815,0.8088494911157539,270.75213196592273,0.0
10000,0.9,recserve_no_onu,0.8864548323268866,0.9337435246787067,3.7432957966200764,0.9358239491550191,10.981578152358916,17.849595199582954,193.62722077891272,0.0,0.899319118012962,nan,4.44520856877501,0.0,0.10068088198703797,0.0,0.899319118012962,nan,nan
10000,0.9,static_day,0.9168032511719938,0.9365159465859495,4.155421181195967,1.0388517896848748,8.932087575852774,14.177780648181214,181.7151000084564,0.9998301744463884,0.00012045766011982575,28.219745397352906,4.869383294729925,0.0,1.9747157396692745e-05,5.924147219007824e-06,0.9999743286953843,nan,nan
10000,0.9,static_hour,0.9167983143826446,0.9365157393908514,4.155369250121445,1.0388339214695044,8.93540265624299,14.180272796889765,181.71567324835078,0.9997087294283988,0.00016587612213221907,19.302620925215713,4.869514168040076,0.0,2.863337822520448e-05,1.481036804751956e-05,0.9999565562537273,nan,nan
10000,0.9,broadcast,0.9167835040145971,0.9365138463903172,4.155107708895304,1.038770085821146,8.935879584199744,14.18359778134618,181.67957534934814,0.9989810466783307,0.0008481404101879534,0.06351695041147537,4.870429576452622,0.0,9.77484291136291e-05,1.1848294438015648e-05,0.9998904032764484,nan,nan
10000,0.9,oracle,0.9167914028775558,0.9365143816967042,4.155183227949337,1.0387902131113227,8.93537407242622,14.182483969721941,181.6842740327078,0.999140011295374,0.0007138597398904428,7.913706754497484e-06,4.870318730453604,0.0,8.195070319627489e-05,9.873578698346372e-06,0.9999081757181054,nan,nan
10000,0.9,piggyback,0.9159511613303265,0.9364427193753275,4.1443667994992115,1.0352525325729363,9.532498040416314,14.76405466897413,182.9416540347401,0.9783847615135801,0.006377344481261923,2.621808245211438,4.859129750703897,0.0,0.002186010323813887,0.0013329331242767604,0.9964810565519093,nan,nan
20000,0.1,recserve,0.5036760768416084,0.8758227330194502,0.25549553158827937,0.01102242585371852,7.4879642579403525,44.716477425317,32.584342071288305,0.0,0.0,nan,1.061539926473225,0.0,0.8994577613118447,0.0907560600230858,0.009786178665069437,32.584342071288305,0.0
20000,0.1,recserve_no_onu,0.5332740982852247,0.8793488738927435,0.4345746440938823,0.10864366102347058,3.897440492529105,11.334919048296461,67.76998783076445,0.0,0.10054223868815523,nan,1.7055853944002606,0.0,0.8994577613118447,0.0,0.10054223868815523,50.321747856259854,-0.346733583744828
20000,0.1,static_day,0.5318842893579212,0.8791839264268241,0.4262391641511604,0.10408513633316542,4.065460953053478,11.5673157348338,66.25023808588892,0.0,0.09584524975902707,0.5577613302312696,1.6968454004073905,0.0,0.8994577613118447,0.004232892904884115,0.09630934578327112,49.48886769384366,-0.3386897129216466
20000,0.1,static_hour,0.6288991999301873,0.8938671215597583,1.3957269151894267,0.3328929143048675,6.559830381482753,15.476877370942372,50.16932401828157,0.272898874666307,0.042615518260393566,1.1398244414337437,8.388698841596845,0.0,0.6540124472933682,0.027512068479946687,0.31847548422668515,112.1834993013802,0.5527923060814672
20000,0.1,broadcast,0.5036760768416084,0.8758227330194502,0.25549553158827937,0.01102242585371852,7.487964257940352,44.716477425317,32.584342071288404,0.0,0.0,0.02254698420309864,1.0615399264732224,0.0,0.8994577613118447,0.0907560600230858,0.009786178665069437,32.584342071288305,-3.1086244689504383e-15
20000,0.1,oracle,0.5036760768416084,0.8758227330194502,0.25549553158827937,0.01102242585371852,7.4879642579403525,44.716477425317,32.584342071288305,0.0,0.0,0.02065250641746411,1.061539926473225,0.0,0.8994577613118447,0.0907560600230858,0.009786178665069437,32.584342071288305,0.0
20000,0.1,piggyback,0.5036760768416084,0.8758227330194502,0.25549553158827937,0.01102242585371852,7.4879642579403525,44.716477425317,32.584342071288305,0.0,0.0,0.09409198522081462,1.061539926473225,0.0,0.8994577613118447,0.0907560600230858,0.009786178665069437,32.584342071288305,0.0
20000,0.2,recserve,0.5509295803699281,0.8838289912772448,0.552444217244539,0.043196601190783133,12.242218922823694,57.34859620484893,60.90226759344061,0.0,0.0,nan,1.2577791655858566,0.0,0.7996121624891414,0.16049640424747028,0.03989143326338838,60.90226759344061,0.0
20000,0.2,recserve_no_onu,0.5970397020265527,0.8890529650560849,0.8549427595070269,0.21373568987675673,4.785721598534965,14.118936857159918,87.32130904800313,0.0,0.20038783751085865,nan,2.4678240347306177,0.0,0.7996121624891414,0.0,0.20038783751085865,93.60903881593856,0.06717011356455505
20000,0.2,static_day,0.597011439768666,0.8890500622492636,0.8547792102830986,0.21364183587660598,4.789813899449952,14.122476843543726,87.2985135343952,0.0,0.20027825928291215,2.7570352610620152,2.467868623800917,0.0,0.7996121624891414,8.776174817435731e-05,0.2003000757626843,93.5925615885217,0.06724944746996231
20000,0.2,static_hour,0.7268170152675693,0.908652859813621,2.233973448352459,0.53658286146932,8.61437759883902,19.169122903980288,66.55170311191567,0.4388404739332733,0.06620954530489521,1.4852766195375622,9.051072844658872,0.0,0.4487208601246316,0.03706024918386532,0.5142188906915031,151.33187684344662,0.5602268041599481
20000,0.2,broadcast,0.5564565871885697,0.8846314969339454,0.6072979119645541,0.058386534472021356,12.19301079502406,57.2498899583415,61.2971820249653,0.015169395048849081,8.974506451728064e-05,0.042957906415436585,1.6979483311866472,0.0,0.7874732748122791,0.15799544233904397,0.05453128284867693,64.88038042533279,0.055227764955712466
20000,0.2,oracle,0.5509295803699281,0.8838289912772448,0.552444217244539,0.043196601190783133,12.242218922823694,57.34859620484893,60.90226759344061,0.0,0.0,0.05300893267350764,1.2577791655858566,0.0,0.7996121624891414,0.16049640424747028,0.03989143326338838,60.90226759344061,0.0
20000,0.2,piggyback,0.5509295803699281,0.8838289912772448,0.552444217244539,0.043196601190783133,12.242218922823694,57.34859620484893,60.90226759344061,0.0,0.0,0.2762301372863343,1.2577791655858566,0.0,0.7996121624891414,0.16049640424747028,0.03989143326338838,60.90226759344061,0.0
20000,0.3,recserve,0.5935193155178637,0.8914581850835087,0.8960057169093585,0.10090473189529676,16.91034259898476,63.29834969536961,91.55661224296158,0.0,0.0,nan,1.62441539416982,0.0,0.6998662253126698,0.2102097158701007,0.08992405881722947,91.55661224296158,0.0
20000,0.3,recserve_no_onu,0.6471030689837091,0.897584665353253,1.2760939695283278,0.31902349238208194,5.662143031478455,15.155875450720918,97.11634965367146,0.0,0.30013377468733016,nan,3.238337456471465,0.0,0.6998662253126698,0.0,0.30013377468733016,121.39011831076247,0.19996494768173312
20000,0.3,static_day,0.6470906732565658,0.8975833323419956,1.2760125821588795,0.31897617094996894,5.664538284275377,15.158506810882763,97.10969381092363,0.0,0.30007080439344236,6.657569381412985,3.238336906163248,0.0,0.6998662253126698,4.5120446801505734e-05,0.30008865424052866,121.38484117645602,0.19998499919972568
20000,0.3,static_hour,0.7586968421637188,0.9139310886224059,2.4990343193059976,0.6041320759768825,9.295767702185705,22.440310324682237,80.27673577794876,0.4466190406302186,0.11585592000095199,1.5881612322219736,8.051887527788447,0.0,0.38728366976989564,0.035178081974431084,0.5775382482556732,161.10857073659142,0.5017227487592869
20000,0.3,broadcast,0.8339770847629738,0.9249824019187853,3.322332587275836,0.7999396848708662,11.222447598108944,41.5057236489803,77.91523529844703,0.7430613677742828,0.002413695989337691,0.006247427349704127,10.64122125638428,0.0,0.1798188637184008,0.05232980170803204,0.7678513345735671,184.040138385168,0.5766399874391406
20000,0.3,oracle,0.8340182385770896,0.9249894473456952,3.3229566794127794,0.7999923220866074,11.232831012240728,41.62425905779547,77.93116264115065,0.7434005148689227,0.0020487657822397987,0.0019008871685305985,10.641892652094914,0.0,0.17958631987719306,0.0525078043498094,0.7679058757729975,184.0528533497824,0.5765826977262518
20000,0.3,piggyback,0.5956166725505051,0.8916998891118717,0.9111121347227126,0.10946357589953312,16.470861491827787,62.974143456304326,92.48197483083574,0.0001259405877756314,0.011670329190846599,0.8617107443751297,1.7024547983568143,0.0,0.6997759844190669,0.202028535955542,0.09819547962539121,92.77939596179148,0.003205680828944235
20000,0.4,recserve,0.6381612872516392,0.8994733577305719,1.2713511183920856,0.17467041794425292,22.06905645748212,67.64320124489727,117.5834047074661,0.0,0.0,nan,2.143365851369072,0.0,0.599980960163108,0.2401533301864714,0.15986570965042066,117.5834047074661,0.0
20000,0.4,recserve_no_onu,0.6931100581905015,0.9053844377903261,1.692967503361721,0.42324187584043027,6.558356405048501,16.207930297381274,103.09709127500587,0.0,0.4000190398368921,nan,4.034010971806282,0.0,0.599980960163108,0.0,0.4000190398368921,140.31208124373794,0.26523011873856694
20000,0.4,static_day,0.6931050998996442,0.9053838099480022,1.692931350479764,0.4232205765103946,6.559561266110215,16.209751171126758,103.09159145179052,0.0,0.3999873067754053,9.282487458854817,4.034200650243828,0.0,0.599980960163108,2.0824821600694955e-05,0.39999821501529137,140.31046023263193,0.2652608274474566
20000,0.4,static_hour,0.7875307909862239,0.9186830206840537,2.751310582381011,0.6730819203857153,9.498291586780146,19.004531782638367,89.83290814104845,0.44727948497241204,0.17994530013526217,2.3289069179486432,7.7216550472121,0.0,0.3316248715802668,0.02471311329099614,0.6436620151287371,169.6088525831203,0.4703524799979176
20000,0.4,broadcast,0.8883447440133596,0.9326811653002154,3.8577515519450385,0.9524387720495194,10.323531828898616,17.117388754850253,86.4818713326714,0.8931984149335788,0.009149038289905317,0.010966479149860405,10.356080585147529,0.0,0.06406756365453803,0.020152973189529678,0.9157794631559323,nan,nan
20000,0.4,oracle,0.8886050542833683,0.9327140075901811,3.8602088511441752,0.953135768911913,10.31745169336641,17.0940599524416,86.41863852649429,0.8941161945712665,0.008989381324299989,0.0012416673239504631,10.367571937895034,0.0,0.06353256407103446,0.02001166190009639,0.9164557740288691,nan,nan
20000,0.4,piggyback,0.7992368198712431,0.920433056189771,2.8900982237418833,0.6984687954923186,10.494206226594788,39.7665669650815,103.14145939107024,0.5148039690126655,0.12699372875372367,2.506391879469082,6.740437431896431,0.0,0.2911215852250866,0.040289088190144505,0.6685893265847689,173.23401753831,0.4046119760037262
20000,0.5,recserve,0.6863866157879914,0.9070566090767334,1.6650254608235522,0.26652509985997785,27.195995174762004,71.81579100584133,138.11399018399993,0.0,0.0,nan,2.8164851211178856,0.0,0.5001204864678326,0.2500892492354316,0.24979026429673587,138.11399018399993,0.0
20000,0.5,recserve_no_onu,0.7398682284621761,0.9123764365531412,2.103222480494084,0.525805620123521,7.460817760016981,16.64592161838203,107.03605604559478,0.0,0.4998795135321674,nan,4.840704308752145,0.0,0.5001204864678326,0.0,0.4998795135321674,155.55787338924756,0.31192132089796687
20000,0.5,static_day,0.7805708381098202,0.9179180594390934,2.574407664724339,0.643593127114711,7.875351663661434,16.273178469394367,105.70368775874337,0.22936805591365433,0.38523837479125594,12.834869808504997,5.892388349525473,0.0,0.38536629869537453,1.4874872571924968e-05,0.6146188264320536,167.55705033251024,0.3691480749453476
20000,0.5,static_hour,0.8225551659440784,0.9237752394672424,3.0754339268076936,0.7581851569596554,9.868830952443442,18.493766418420382,95.35504099629777,0.4887526130192818,0.21997308639722654,3.7742967466123374,7.98722384681454,0.0,0.2556638556463033,0.01783745135916669,0.72649869299453,180.4913993670626,0.4716920510856272
20000,0.5,broadcast,0.9014420693129396,0.9344816348727679,3.9853346519081487,0.9898617965672761,10.01671751707102,15.966926898132074,90.91812410505186,0.9260748582920473,0.015386568188399187,0.012833942818998684,10.005289652150726,0.0,0.036959595879461966,0.010816015676132374,0.9522243884444057,nan,nan
20000,0.5,oracle,0.9015040479486559,0.9344866701905183,3.9857761728341194,0.9899332301678283,10.022144252308273,15.9744864501059,90.91772708305618,0.9263574808709139,0.01510890390038992,0.0011998016972374931,10.006871153012113,0.0,0.036821755393628794,0.010879977628191652,0.9522982669781795,nan,nan
20000,0.5,piggyback,0.8647794750558303,0.9295692189004032,3.5671846437765518,0.8788058006053081,10.45923816126895,18.74602394700166,102.27854136535052,0.731348893111149,0.091035707627438,1.8713962453199953,8.167357737725874,0.0,0.13433794917156877,0.021673185166380407,0.8439888656620508,193.55690641817665,0.47158412862634136
20000,0.6,recserve,0.738597418515448,0.9143670986212371,2.099708377131569,0.38243525364632713,32.39038402470188,74.04488067003714,155.18323713019552,0.0,0.0,nan,3.6890584600675216,0.0,0.4003368662808455,0.24011911797955598,0.3595440157395985,155.18323713019552,0.0
20000,0.6,recserve_no_onu,0.782217982332618,0.9186654421523437,2.515454252825234,0.6288635632063085,8.375829456594786,17.0885779970872,109.99358011927491,0.0,0.5996631337191545,nan,5.652622436740196,0.0,0.4003368662808455,0.0,0.5996631337191545,168.04263037643176,0.3454424042704006
20000,0.6,static_day,0.9166427015941897,0.9364861586998035,4.1554015551183445,1.0388424374164529,9.264883148865485,14.743506827740928,101.55173700024005,0.9997064691812474,0.000150732042062173,15.380907453036693,9.055002840672548,0.0,0.00011651983514674558,1.2891556229001639e-05,0.9998705886086242,nan,nan
20000,0.6,static_hour,0.8712361614102172,0.9304902251869912,3.6036348903027733,0.8959995919326625,9.884462121158288,16.873376975321957,97.83541556019033,0.6718474195071062,0.17605651261587527,6.577638242397167,8.736831630506266,0.0,0.13135305807546915,0.00830513718599144,0.8603418047385394,195.55177713153302,0.4996955947151338
20000,0.6,broadcast,0.9081298120212771,0.9353791773447032,4.053134049376644,1.0096788733176518,9.84669184305005,15.582819502428173,94.50538151834787,0.9437635609254947,0.018560370166162243,0.014838112368476071,9.702448341796861,0.0,0.02250171556863663,0.006085310369174504,0.9714129740621888,nan,nan
20000,0.6,oracle,0.9082041863841367,0.9353889017272035,4.053989653038639,1.009803092882671,9.862749553463676,15.598943798360414,94.48301750267484,0.944468629885404,0.017741260516534907,0.0010517667970452525,9.708616883151496,0.0,0.02222801791331321,0.006234059094893754,0.9715379229917931,nan,nan
20000,0.6,piggyback,0.8913316184258021,0.9331775194199571,3.849473436452561,0.9553550820497971,10.279859855426883,17.085665828688068,102.14577465925167,0.8252544594867971,0.07533280048234253,1.6719204445918785,8.686682448932885,0.0,0.06990148867724699,0.011824532036508887,0.9182739792862441,nan,nan
20000,0.7,recserve,0.7886330190438036,0.9211966435029924,2.5648217920849814,0.515924575966966,37.854411389475395,77.78608624410316,169.93379070402264,0.0,0.0,nan,4.726387514012279,0.0,0.300364335212195,0.21017302451775663,0.4894626402700484,169.93379070402264,0.0
20000,0.7,recserve_no_onu,0.8250387738345042,0.924409980780818,2.9266143699202316,0.7316535924800579,9.31229273498999,17.51931198956986,112.29993363038841,0.0,0.699635664787805,nan,6.480487130658003,0.0,0.300364335212195,0.0,0.699635664787805,181.26437403333705,0.38046329164640547
20000,0.7,static_day,0.9166764179720194,0.9364903194371509,4.155791588160395,1.0389413895312631,9.26497306584157,14.742758975178,101.55657858436517,0.999920667346283,3.421220691542742e-05,15.380520516314448,9.05508905498943,0.0,2.1320650686425787e-05,1.090823988607831e-05,0.9999677711094275,nan,nan
20000,0.7,static_hour,0.9000269731022638,0.9342919320324392,3.9322355555070745,0.9826756548910563,9.401543038575552,15.487212045257909,99.50723306663191,0.8187075322388071,0.12475158962804886,8.555727059709396,9.018536075678679,0.0,0.05443162120244503,0.0006391236915070427,0.944929255106048,nan,nan
20000,0.7,broadcast,0.9128947295351503,0.9359877438494709,4.104901639409289,1.026216194868764,9.280492629260518,14.91048212109599,98.34976056636931,0.9584435726667275,0.02904566784211215,0.015856712737064654,9.302306513107352,0.0,0.012465143215273122,1.53707016576558e-05,0.9875194860830693,nan,nan
20000,0.7,oracle,0.9128406841648057,0.9359825540475656,4.104397216613845,1.0259028789820033,9.321922133974338,14.94858104996383,98.24420750701672,0.9584728265827857,0.028011368369277638,0.0006305054202041995,9.318464028949284,0.0,0.012462168240758737,0.0003282388547538109,0.9872095929044874,nan,nan
20000,0.7,piggyback,0.9056625664906804,0.9350730756045238,4.010592847962935,0.9992863839383109,10.033053988480914,16.06976656167277,102.25709364585948,0.8893919350424231,0.05864418511481418,1.516595165173579,8.92223155502339,0.0,0.03320864884590822,0.005644518311959794,0.961146832842132,nan,nan
20000,0.8,recserve,0.8312832453401983,0.9274431504359054,3.0534821541195467,0.665473574293047,43.556071886786455,81.26936035458057,183.20784437613213,0.0,0.0,nan,5.932627198745219,0.0,0.2004656826773184,0.16030600587854965,0.639228311444132,183.20784437613213,0.0
20000,0.8,recserve_no_onu,0.8548083521417833,0.9294029236709144,3.337519829196797,0.8343799572991992,10.267663702638266,17.932710445963753,114.18861856331993,0.0,0.7995343173226817,nan,7.3202667389279705,0.0,0.2004656826773184,0.0,0.7995343173226817,190.47620836522034,0.40050980884513454
20000,0.8,static_day,0.9166779054592765,0.9364907247965036,4.155826654184996,1.0389517389717693,9.264943601217542,14.742730065551577,101.55574351640594,0.9999261214662261,3.8178839601274084e-05,15.380263750424717,9.055226882503773,0.0,1.4379043486194135e-05,8.429094457424148e-06,0.9999771918620564,nan,nan
20000,0.8,static_hour,0.9126666481557141,0.9360304684319326,4.102813073426338,1.0256885638013034,9.346383492635868,15.037648456194438,99.88640533784793,0.9351207641321206,0.051798768757214314,10.27320827972777,9.185584655780831,0.0,0.012980805464433188,2.429562520081078e-05,0.986994898910366,nan,nan
20000,0.8,broadcast,0.9150530735453366,0.9363050793832557,4.134527765437143,1.0336232779855852,9.29792237019745,14.865300741977984,99.90188744492815,0.973958560588331,0.020770776230350292,0.01660052827356017,9.19768409401386,0.0,0.005220584443659933,1.4379043486194135e-05,0.9947650365128539,nan,nan
20000,0.8,oracle,0.9150679484179085,0.9363072355235359,4.134783327647827,1.0336871685382563,9.297589907673842,14.863769236439834,99.93431482618614,0.9742183750292539,0.020573436254229423,0.0003414089721336338,9.194793133592276,0.0,0.005160093295200771,1.4379043486194135e-05,0.994825527661313,nan,nan
20000,0.8,piggyback,0.9125332701316525,0.9360308833401509,4.101739405124096,1.0236198091653015,9.940610345530763,15.646207424253221,102.52931477162319,0.9401593793013173,0.03303064620413085,1.4086846034763258,9.02593209613938,0.0,0.012007988798229296,0.002973982856213532,0.9850180283455572,nan,nan
20000,0.9,recserve,0.871896109923325,0.9329786495158358,3.592986183226697,0.84125827042915,49.56694805292115,84.60020282764737,195.75567614239753,0.0,0.0,nan,7.383412997078016,0.0,0.10078519494016334,0.09056169502147932,0.8086531100383574,195.75567614239753,0.0
20000,0.9,recserve_no_onu,0.8862617660242044,0.9337032734172603,3.742820698286018,0.9357051745715045,11.24310081488579,18.284957505021595,115.81395178663323,0.0,0.8992148050598366,nan,8.1708265789706,0.0,0.10078519494016334,0.0,0.8992148050598366,nan,nan
20000,0.9,static_day,0.9166828637501339,0.936491189025089,4.155877569882151,1.0389664546832047,9.264900393426588,14.742448936379505,101.55782816798043,0.9999707460839419,5.454119943039155e-06,15.380190377717984,9.055092733622946,0.0,3.966632685846658e-06,4.958290857308322e-06,0.9999910750764568,nan,nan
20000,0.9,static_hour,0.9166793929465338,0.9364909242341414,4.155842691280944,1.03895588757373,9.266020826292673,14.743975303694604,101.55896105528053,0.9998730677540529,8.577843183143398e-05,10.526748743877357,9.055208293118286,0.0,1.1404068971809141e-05,7.933265371693316e-06,0.9999806626656566,nan,nan
20000,0.9,broadcast,0.9166709638520764,0.9364902073368074,4.155709990559414,1.0389237057869203,9.26642559459141,14.74574180911295,101.54203203791288,0.9995701161826713,0.0003540219672118142,0.016753377622710085,9.056839090696473,0.0,4.214547228712074e-05,6.4457781145008194e-06,0.9999514087495984,nan,nan
20000,0.9,oracle,0.9166684847066476,0.9364897483183124,4.155665116043839,1.0389124871580266,9.266689752698335,14.746615045121871,101.53585924471417,0.9994560754929532,0.000455171100700904,7.3449127450266415e-06,9.057469517071326,0.0,5.305371217319905e-05,6.4457781145008194e-06,0.9999405005097123,nan,nan
20000,0.9,piggyback,0.9159212702744514,0.936430599705012,4.14628835337144,1.0357357191306726,9.857879043569303,15.376709900517014,102.88588134354247,0.9818710011384236,0.003227351519021987,1.3574489844558295,9.036268747922055,0.0,0.001817709428289231,0.0013233678298155912,0.9968589227418951,nan,nan
