day,hour,conversation,api,all
0,0,38,0,38
0,1,11,0,11
0,2,23,0,23
0,3,13,0,13
0,4,1,0,1
0,5,5,0,5
0,6,0,0,0
0,7,9,1,10
0,8,54,1,55
0,9,161,0,161
0,10,219,0,219
0,11,315,0,315
0,12,87,0,87
0,13,141,0,141
0,14,282,0,282
0,15,310,0,310
0,16,324,0,324
0,17,280,10,290
0,18,229,2,231
0,19,185,0,185
0,20,208,0,208
0,21,193,0,193
0,22,195,0,195
0,23,92,0,92
1,0,60,0,60
1,1,16,0,16
1,2,8,0,8
1,3,4,0,4
1,4,9,0,9
1,5,1,0,1
1,6,7,0,7
1,7,7,0,7
1,8,53,0,53
1,9,176,0,176
1,10,211,0,211
1,11,353,2,355
1,12,104,0,104
1,13,105,0,105
1,14,235,2,237
1,15,291,0,291
1,16,334,0,334
1,17,223,0,223
1,18,148,0,148
1,19,172,0,172
1,20,213,0,213
1,21,180,0,180
1,22,165,0,165
1,23,93,0,93
2,0,64,0,64
2,1,55,0,55
2,2,39,0,39
2,3,18,0,18
2,4,4,0,4
2,5,0,0,0
2,6,0,0,0
2,7,4,0,4
2,8,41,0,41
2,9,107,0,107
2,10,145,0,145
2,11,338,1,339
2,12,111,0,111
2,13,144,0,144
2,14,190,0,190
2,15,303,0,303
2,16,286,0,286
2,17,234,0,234
2,18,126,0,126
2,19,66,0,66
2,20,82,0,82
2,21,116,0,116
2,22,96,0,96
2,23,89,0,89
3,0,14,0,14
3,1,19,0,19
3,2,2,0,2
3,3,0,0,0
3,4,1,0,1
3,5,7,0,7
3,6,0,0,0
3,7,11,0,11
3,8,18,0,18
3,9,43,0,43
3,10,92,0,92
3,11,114,0,114
3,12,57,0,57
3,13,61,0,61
3,14,107,0,107
3,15,172,2,174
3,16,157,0,157
3,17,155,0,155
3,18,57,0,57
3,19,97,0,97
3,20,119,0,119
3,21,113,0,113
3,22,122,0,122
3,23,36,0,36
4,0,41,0,41
4,1,44,0,44
4,2,18,0,18
4,3,8,0,8
4,4,5,0,5
4,5,7,0,7
4,6,0,0,0
4,7,0,0,0
4,8,12,0,12
4,9,51,0,51
4,10,84,0,84
4,11,107,0,107
4,12,89,0,89
4,13,136,0,136
4,14,137,0,137
4,15,193,0,193
4,16,180,0,180
4,17,139,0,139
4,18,61,0,61
4,19,130,0,130
4,20,173,1,174
4,21,178,0,178
4,22,160,0,160
4,23,145,0,145
5,0,90,0,90
5,1,45,0,45
5,2,23,0,23
5,3,6,0,6
5,4,5,0,5
5,5,13,0,13
5,6,4,0,4
5,7,7,0,7
5,8,69,0,69
5,9,161,1,162
5,10,220,8,228
5,11,288,0,288
5,12,116,0,116
5,13,113,0,113
5,14,236,0,236
5,15,339,7,346
5,16,284,6,290
5,17,134,1,135
5,18,147,0,147
5,19,148,0,148
5,20,185,0,185
5,21,184,1,185
5,22,157,9,166
5,23,159,10,169
6,0,68,0,68
6,1,33,0,33
6,2,65,0,65
6,3,18,0,18
6,4,13,0,13
6,5,4,0,4
6,6,8,0,8
6,7,16,0,16
6,8,27,0,27
6,9,209,103,312
6,10,337,140,477
6,11,240,0,240
6,12,141,0,141
6,13,143,0,143
6,14,147,0,147
6,15,298,2,300
6,16,227,0,227
6,17,166,0,166
6,18,128,1,129
6,19,172,0,172
6,20,163,0,163
6,21,177,0,177
6,22,147,0,147
6,23,167,0,167
7,0,76,0,76
7,1,5,0,5
7,2,5,0,5
7,3,1,0,1
7,4,0,0,0
7,5,8,0,8
7,6,0,0,0
7,7,1,0,1
7,8,35,0,35
7,9,111,0,111
7,10,327,5,332
7,11,199,0,199
7,12,53,12,65
7,13,152,0,152
7,14,229,2,231
7,15,299,5,304
7,16,233,4,237
7,17,312,3,315
7,18,150,4,154
7,19,205,0,205
7,20,186,1,187
7,21,192,1,193
7,22,239,5,244
7,23,222,15,237
8,0,90,4,94
8,1,75,0,75
8,2,44,0,44
8,3,9,0,9
8,4,31,0,31
8,5,23,0,23
8,6,4,0,4
8,7,5,0,5
8,8,41,4,45
8,9,263,23,286
8,10,356,23,379
8,11,286,1,287
8,12,160,0,160
8,13,178,0,178
8,14,352,570,922
8,15,341,1,342
8,16,250,2,252
8,17,265,0,265
8,18,271,2,273
8,19,218,1,219
8,20,237,0,237
8,21,276,242,518
8,22,248,102,350
8,23,147,0,147
9,0,183,22,205
9,1,76,11,87
9,2,52,0,52
9,3,40,0,40
9,4,26,0,26
9,5,14,0,14
9,6,0,0,0
9,7,2,0,2
9,8,25,1,26
9,9,207,2,209
9,10,286,0,286
9,11,179,1328,1507
9,12,89,21369,21458
9,13,158,16481,16639
9,14,224,986,1210
9,15,302,2346,2648
9,16,277,1865,2142
9,17,159,3280,3439
9,18,116,14655,14771
9,19,108,33236,33344
9,20,149,20131,20280
9,21,163,10549,10712
9,22,194,10387,10581
9,23,113,9729,9842
10,0,33,11039,11072
10,1,35,11586,11621
10,2,15,11644,11659
10,3,1,13579,13580
10,4,1,14149,14150
10,5,0,13725,13725
10,6,1,4529,4530
10,7,4,0,4
10,8,17,0,17
10,9,40,5369,5409
10,10,84,1656,1740
10,11,77,0,77
10,12,42,0,42
10,13,77,7,84
10,14,90,0,90
10,15,160,2,162
10,16,103,711,814
10,17,105,188,293
10,18,81,1375,1456
10,19,43,269,312
10,20,88,0,88
10,21,158,0,158
10,22,162,0,162
10,23,77,0,77
11,0,60,0,60
11,1,48,0,48
11,2,19,0,19
11,3,2,0,2
11,4,1,0,1
11,5,0,0,0
11,6,0,0,0
11,7,10,0,10
11,8,2,0,2
11,9,26,0,26
11,10,62,0,62
11,11,110,0,110
11,12,50,0,50
11,13,101,200,301
11,14,150,800,950
11,15,104,403,507
11,16,133,0,133
11,17,124,0,124
11,18,68,1,69
11,19,76,0,76
11,20,124,0,124
11,21,132,0,132
11,22,120,0,120
11,23,151,12,163
12,0,112,9,121
12,1,44,0,44
12,2,31,0,31
12,3,12,0,12
12,4,9,0,9
12,5,1,0,1
12,6,0,0,0
12,7,5,0,5
12,8,12,0,12
12,9,153,4,157
12,10,198,0,198
12,11,238,0,238
12,12,108,0,108
12,13,150,233,383
12,14,253,1399,1652
12,15,270,1148,1418
12,16,316,236,552
12,17,228,49,277
12,18,91,49,140
12,19,132,49,181
12,20,208,48,256
12,21,147,52,199
12,22,163,61,224
12,23,175,876,1051
13,0,69,1234,1303
13,1,43,832,875
13,2,24,61,85
13,3,7,0,7
13,4,4,0,4
13,5,3,0,3
13,6,4,0,4
13,7,8,0,8
13,8,35,0,35
13,9,210,2,212
13,10,362,11,373
13,11,266,8,274
13,12,144,5,149
13,13,188,52,240
13,14,212,61,273
13,15,257,49,306
13,16,388,53,441
13,17,192,51,243
13,18,165,58,223
13,19,131,31,162
13,20,156,0,156
13,21,224,0,224
13,22,164,0,164
13,23,162,0,162
14,0,112,0,112
14,1,57,0,57
14,2,27,0,27
14,3,10,0,10
14,4,7,0,7
14,5,5,0,5
14,6,3,0,3
14,7,6,0,6
14,8,22,0,22
14,9,146,0,146
14,10,245,0,245
14,11,246,0,246
14,12,88,9,97
14,13,143,11540,11683
14,14,253,29068,29321
14,15,204,14840,15044
14,16,197,10327,10524
14,17,202,2106,2308
14,18,144,343,487
14,19,232,789,1021
14,20,181,2521,2702
14,21,234,2086,2320
14,22,177,107,284
14,23,106,135,241
15,0,65,24,89
15,1,16,85,101
15,2,26,92,118
15,3,11,0,11
15,4,2,0,2
15,5,5,0,5
15,6,3,0,3
15,7,8,0,8
15,8,37,0,37
15,9,278,102,380
15,10,358,309,667
15,11,288,66,354
15,12,100,1153,1253
15,13,177,200,377
15,14,300,1750,2050
15,15,415,399,814
15,16,372,3561,3933
15,17,253,470,723
15,18,101,159,260
15,19,135,259,394
15,20,181,159,340
15,21,174,378,552
15,22,163,374,537
15,23,122,177,299
16,0,68,885,953
16,1,45,898,943
16,2,61,138,199
16,3,6,12,18
16,4,0,0,0
16,5,5,0,5
16,6,23,0,23
16,7,3,96,99
16,8,29,135,164
16,9,88,1254,1342
16,10,247,1856,2103
16,11,206,1401,1607
16,12,132,1228,1360
16,13,154,1170,1324
16,14,218,1007,1225
16,15,229,585,814
16,16,310,4047,4357
16,17,151,4594,4745
16,18,122,200,322
16,19,152,41,193
16,20,146,23,169
16,21,184,33,217
16,22,131,5,136
16,23,156,349,505
17,0,64,1239,1303
17,1,36,881,917
17,2,20,584,604
17,3,19,494,513
17,4,15,762,777
17,5,9,956,965
17,6,2,397,399
17,7,1,0,1
17,8,23,0,23
17,9,28,15,43
17,10,131,1,132
17,11,105,0,105
17,12,63,655,718
17,13,57,0,57
17,14,97,0,97
17,15,99,123,222
17,16,83,34,117
17,17,72,438,510
17,18,65,1136,1201
17,19,53,930,983
17,20,72,848,920
17,21,120,656,776
17,22,74,1448,1522
17,23,55,1589,1644
18,0,86,954,1040
18,1,16,522,538
18,2,33,720,753
18,3,2,964,966
18,4,4,369,373
18,5,7,0,7
18,6,0,0,0
18,7,0,0,0
18,8,1,0,1
18,9,42,0,42
18,10,79,1,80
18,11,91,5,96
18,12,45,230,275
18,13,91,323,414
18,14,55,0,55
18,15,130,176,306
18,16,171,8,179
18,17,69,452,521
18,18,42,2711,2753
18,19,92,3203,3295
18,20,146,3795,3941
18,21,137,1599,1736
18,22,144,1554,1698
18,23,83,3605,3688
19,0,76,515,591
19,1,39,555,594
19,2,22,0,22
19,3,20,0,20
19,4,25,0,25
19,5,12,0,12
19,6,0,0,0
19,7,0,0,0
19,8,25,365,390
19,9,173,657,830
19,10,200,1671,1871
19,11,252,3224,3476
19,12,84,3647,3731
19,13,163,117,280
19,14,208,416,624
19,15,324,2602,2926
19,16,333,4947,5280
19,17,222,3249,3471
19,18,157,890,1047
19,19,244,832,1076
19,20,237,508,745
19,21,266,978,1244
19,22,215,4264,4479
19,23,164,3699,3863
20,0,39,4516,4555
20,1,43,2360,2403
20,2,30,2178,2208
20,3,16,1112,1128
20,4,1,723,724
20,5,5,689,694
20,6,0,996,996
20,7,11,1006,1017
20,8,37,1393,1430
20,9,209,3207,3416
20,10,377,4004,4381
20,11,368,4885,5253
20,12,96,4398,4494
20,13,155,2961,3116
20,14,270,4972,5242
20,15,345,5284,5629
20,16,306,5311,5617
20,17,182,3656,3838
20,18,75,3465,3540
20,19,146,4276,4422
20,20,164,5853,6017
20,21,126,3662,3788
20,22,138,3256,3394
20,23,169,2768,2937
21,0,175,2523,2698
21,1,29,4311,4340
21,2,37,256,293
21,3,19,321,340
21,4,3,359,362
21,5,8,363,371
21,6,10,354,364
21,7,13,0,13
21,8,44,0,44
21,9,151,0,151
21,10,270,229,499
21,11,234,456,690
21,12,90,538,628
21,13,170,450,620
21,14,270,400,670
21,15,281,1926,2207
21,16,323,5738,6061
21,17,254,16374,16628
21,18,237,8582,8819
21,19,249,5468,5717
21,20,190,1496,1686
21,21,183,8620,8803
21,22,138,2802,2940
21,23,152,495,647
22,0,105,782,887
22,1,63,866,929
22,2,29,956,985
22,3,8,559,567
22,4,9,0,9
22,5,0,0,0
22,6,1,0,1
22,7,9,0,9
22,8,32,0,32
22,9,213,116,329
22,10,325,750,1075
22,11,188,354,542
22,12,69,1334,1403
22,13,130,333,463
22,14,235,303,538
22,15,270,542,812
22,16,271,353,624
22,17,207,262,469
22,18,87,1076,1163
22,19,167,1280,1447
22,20,159,4439,4598
22,21,248,209,457
22,22,161,1470,1631
22,23,113,4622,4735
23,0,130,974,1104
23,1,89,1104,1193
23,2,16,850,866
23,3,4,1084,1088
23,4,10,1147,1157
23,5,12,689,701
23,6,11,466,477
23,7,10,213,223
23,8,31,0,31
23,9,174,0,174
23,10,247,14,261
23,11,208,83,291
23,12,97,2826,2923
23,13,170,2435,2605
23,14,190,729,919
23,15,279,1728,2007
23,16,446,2435,2881
23,17,213,4917,5130
23,18,106,2882,2988
23,19,203,651,854
23,20,158,1471,1629
23,21,130,560,690
23,22,88,544,632
23,23,111,401,512
24,0,68,2727,2795
24,1,60,3278,3338
24,2,16,790,806
24,3,16,0,16
24,4,0,0,0
24,5,4,0,4
24,6,1,0,1
24,7,0,0,0
24,8,10,0,10
24,9,40,0,40
24,10,86,0,86
24,11,97,0,97
24,12,54,0,54
24,13,60,0,60
24,14,61,0,61
24,15,73,0,73
24,16,87,2,89
24,17,70,348,418
24,18,51,2,53
24,19,79,2,81
24,20,83,0,83
24,21,52,137,189
24,22,155,0,155
24,23,206,0,206
25,0,49,0,49
25,1,7,0,7
25,2,3,0,3
25,3,8,0,8
25,4,6,0,6
25,5,6,0,6
25,6,0,0,0
25,7,0,0,0
25,8,16,0,16
25,9,29,0,29
25,10,114,0,114
25,11,109,0,109
25,12,60,0,60
25,13,93,0,93
25,14,187,6,193
25,15,181,35,216
25,16,206,52,258
25,17,134,58,192
25,18,90,79,169
25,19,129,75,204
25,20,155,696,851
25,21,131,864,995
25,22,193,0,193
25,23,127,74,201
26,0,75,199,274
26,1,36,0,36
26,2,8,0,8
26,3,1,0,1
26,4,0,0,0
26,5,0,0,0
26,6,0,0,0
26,7,7,0,7
26,8,57,0,57
26,9,184,0,184
26,10,254,0,254
26,11,147,0,147
26,12,92,58,150
26,13,140,41,181
26,14,141,0,141
26,15,274,26,300
26,16,338,32,370
26,17,174,208,382
26,18,159,173,332
26,19,179,25,204
26,20,238,6,244
26,21,209,22,231
26,22,229,0,229
26,23,169,5,174
27,0,62,5,67
27,1,79,0,79
27,2,53,0,53
27,3,6,0,6
27,4,0,0,0
27,5,0,0,0
27,6,2,0,2
27,7,2,0,2
27,8,35,0,35
27,9,212,25,237
27,10,232,80,312
27,11,235,3,238
27,12,108,282,390
27,13,174,1440,1614
27,14,275,1774,2049
27,15,320,2624,2944
27,16,212,352,564
27,17,257,119,376
27,18,126,777,903
27,19,134,1276,1410
27,20,156,2042,2198
27,21,195,331,526
27,22,133,573,706
27,23,120,3,123
28,0,88,0,88
28,1,85,0,85
28,2,50,0,50
28,3,34,0,34
28,4,6,0,6
28,5,13,0,13
28,6,8,0,8
28,7,19,0,19
28,8,15,0,15
28,9,133,0,133
28,10,212,318,530
28,11,244,959,1203
28,12,90,505,595
28,13,214,754,968
28,14,251,3720,3971
28,15,249,896,1145
28,16,376,478,854
28,17,281,1214,1495
28,18,152,264,416
28,19,242,72,314
28,20,265,63,328
28,21,147,18,165
28,22,192,24,216
28,23,131,0,131
29,0,78,0,78
29,1,37,0,37
29,2,21,0,21
29,3,15,0,15
29,4,4,0,4
29,5,6,0,6
29,6,5,0,5
29,7,11,0,11
29,8,25,0,25
29,9,217,0,217
29,10,224,2,226
29,11,238,1,239
29,12,44,1549,1593
29,13,111,2180,2291
29,14,296,1895,2191
29,15,308,4080,4388
29,16,327,2993,3320
29,17,305,389,694
29,18,143,452,595
29,19,171,1475,1646
29,20,211,1949,2160
29,21,201,502,703
29,22,183,1009,1192
29,23,182,736,918
30,0,77,246,323
30,1,68,0,68
30,2,39,0,39
30,3,13,0,13
30,4,1,0,1
30,5,7,0,7
30,6,6,0,6
30,7,5,0,5
30,8,17,0,17
30,9,186,0,186
30,10,234,6,240
30,11,258,507,765
30,12,95,1,96
30,13,165,0,165
30,14,235,0,235
30,15,288,0,288
30,16,274,1,275
30,17,196,0,196
30,18,110,0,110
30,19,82,0,82
30,20,71,0,71
30,21,107,0,107
30,22,122,0,122
30,23,75,0,75
31,0,43,0,43
31,1,18,0,18
31,2,13,1,14
31,3,4,0,4
31,4,1,0,1
31,5,1,0,1
31,6,4,0,4
31,7,10,0,10
31,8,13,0,13
31,9,43,0,43
31,10,95,0,95
31,11,96,0,96
31,12,52,0,52
31,13,41,0,41
31,14,81,353,434
31,15,133,7,140
31,16,191,0,191
31,17,155,0,155
31,18,77,78,155
31,19,132,50,182
31,20,106,0,106
31,21,127,0,127
31,22,113,0,113
31,23,89,0,89
32,0,28,515,543
32,1,26,0,26
32,2,15,0,15
32,3,14,0,14
32,4,0,0,0
32,5,1,0,1
32,6,21,0,21
32,7,5,0,5
32,8,14,0,14
32,9,25,0,25
32,10,135,0,135
32,11,77,1484,1561
32,12,63,964,1027
32,13,44,691,735
32,14,108,312,420
32,15,161,2882,3043
32,16,181,1548,1729
32,17,149,22,171
32,18,72,0,72
32,19,71,0,71
32,20,125,143,268
32,21,160,465,625
32,22,123,0,123
32,23,68,0,68
33,0,68,0,68
33,1,62,0,62
33,2,20,0,20
33,3,10,0,10
33,4,18,0,18
33,5,4,0,4
33,6,2,0,2
33,7,3,0,3
33,8,15,0,15
33,9,163,1,164
33,10,214,1713,1927
33,11,285,5560,5845
33,12,143,5011,5154
33,13,127,6086,6213
33,14,259,2952,3211
33,15,314,3046,3360
33,16,295,1726,2021
33,17,257,724,981
33,18,114,2226,2340
33,19,184,622,806
33,20,214,2493,2707
33,21,165,2434,2599
33,22,170,878,1048
33,23,147,643,790
34,0,93,241,334
34,1,75,529,604
34,2,16,0,16
34,3,23,0,23
34,4,9,0,9
34,5,6,0,6
34,6,3,0,3
34,7,1,0,1
34,8,25,0,25
34,9,123,0,123
34,10,266,326,592
34,11,226,3226,3452
34,12,92,4804,4896
34,13,141,4438,4579
34,14,273,1339,1612
34,15,284,1473,1757
34,16,374,559,933
34,17,220,0,220
34,18,84,674,758
34,19,145,3758,3903
34,20,122,3406,3528
34,21,229,1986,2215
34,22,157,2486,2643
34,23,142,1584,1726
35,0,70,2028,2098
35,1,42,2430,2472
35,2,24,562,586
35,3,19,345,364
35,4,12,0,12
35,5,12,0,12
35,6,24,0,24
35,7,14,0,14
35,8,29,585,614
35,9,154,1404,1558
35,10,290,243,533
35,11,215,11061,11276
35,12,98,2443,2541
35,13,141,200,341
35,14,250,4184,4434
35,15,225,1260,1485
35,16,271,3,274
35,17,208,1835,2043
35,18,178,565,743
35,19,216,722,938
35,20,269,580,849
35,21,203,341,544
35,22,122,2745,2867
35,23,193,195,388
36,0,89,253,342
36,1,63,0,63
36,2,18,200,218
36,3,14,0,14
36,4,24,0,24
36,5,9,0,9
36,6,6,0,6
36,7,9,100,109
36,8,39,0,39
36,9,175,40,215
36,10,205,190,395
36,11,253,312,565
36,12,118,6614,6732
36,13,183,575,758
36,14,268,709,977
36,15,256,16,272
36,16,327,5,332
36,17,208,102,310
36,18,150,0,150
36,19,245,69,314
36,20,288,455,743
36,21,267,1000,1267
36,22,120,3,123
36,23,75,0,75
37,0,79,0,79
37,1,53,0,53
37,2,25,0,25
37,3,24,0,24
37,4,8,0,8
37,5,5,0,5
37,6,3,0,3
37,7,23,0,23
37,8,23,0,23
37,9,134,8,142
37,10,140,5,145
37,11,158,0,158
37,12,95,0,95
37,13,109,217,326
37,14,133,605,738
37,15,177,0,177
37,16,263,0,263
37,17,195,0,195
37,18,90,1230,1320
37,19,123,557,680
37,20,109,19,128
37,21,88,360,448
37,22,152,20,172
37,23,86,254,340
38,0,34,0,34
38,1,42,0,42
38,2,21,0,21
38,3,26,0,26
38,4,6,0,6
38,5,4,0,4
38,6,3,0,3
38,7,13,0,13
38,8,1,0,1
38,9,65,0,65
38,10,65,102,167
38,11,55,0,55
38,12,26,0,26
38,13,56,0,56
38,14,91,0,91
38,15,150,401,551
38,16,128,1,129
38,17,203,0,203
38,18,105,0,105
38,19,59,1,60
38,20,84,2,86
38,21,119,0,119
38,22,70,0,70
38,23,76,8,84
39,0,62,1,63
39,1,43,0,43
39,2,28,2,30
39,3,33,0,33
39,4,3,0,3
39,5,1,0,1
39,6,1,0,1
39,7,0,0,0
39,8,8,0,8
39,9,30,0,30
39,10,63,4,67
39,11,78,2,80
39,12,51,1,52
39,13,44,0,44
39,14,82,0,82
39,15,172,8,180
39,16,192,32,224
39,17,142,27,169
39,18,109,3,112
39,19,142,7,149
39,20,152,0,152
39,21,191,0,191
39,22,132,0,132
39,23,163,0,163
40,0,105,0,105
40,1,49,0,49
40,2,21,0,21
40,3,6,0,6
40,4,7,0,7
40,5,5,0,5
40,6,9,0,9
40,7,5,0,5
40,8,30,0,30
40,9,81,1,82
40,10,225,28,253
40,11,198,10,208
40,12,110,113,223
40,13,144,1633,1777
40,14,218,0,218
40,15,311,1466,1777
40,16,294,1676,1970
40,17,255,1387,1642
40,18,163,1490,1653
40,19,162,4448,4610
40,20,193,1856,2049
40,21,143,1478,1621
40,22,151,2817,2968
40,23,118,1663,1781
41,0,77,870,947
41,1,46,1614,1660
41,2,9,6377,6386
41,3,2,3055,3057
41,4,15,0,15
41,5,5,0,5
41,6,7,0,7
41,7,1,0,1
41,8,26,0,26
41,9,142,293,435
41,10,349,2062,2411
41,11,308,11017,11325
41,12,129,5098,5227
41,13,128,1692,1820
41,14,140,2807,2947
41,15,271,283,554
41,16,266,2924,3190
41,17,223,222,445
41,18,172,0,172
41,19,171,80,251
41,20,175,320,495
41,21,124,2129,2253
41,22,120,2997,3117
41,23,82,575,657
42,0,60,819,879
42,1,89,2079,2168
42,2,11,2327,2338
42,3,13,0,13
42,4,10,0,10
42,5,4,0,4
42,6,0,0,0
42,7,12,0,12
42,8,20,0,20
42,9,175,0,175
42,10,281,600,881
42,11,242,2422,2664
42,12,115,3623,3738
42,13,157,6626,6783
42,14,272,3401,3673
42,15,264,2087,2351
42,16,300,1752,2052
42,17,224,2791,3015
42,18,135,2171,2306
42,19,175,434,609
42,20,171,1024,1195
42,21,196,1878,2074
42,22,197,3373,3570
42,23,215,1897,2112
43,0,77,1208,1285
43,1,52,300,352
43,2,58,0,58
43,3,6,0,6
43,4,11,0,11
43,5,0,0,0
43,6,10,0,10
43,7,3,0,3
43,8,28,0,28
43,9,130,152,282
43,10,224,6269,6493
43,11,198,1978,2176
43,12,45,146,191
43,13,135,545,680
43,14,138,12,150
43,15,247,27,274
43,16,240,379,619
43,17,196,551,747
43,18,110,25,135
43,19,192,125,317
43,20,214,1055,1269
43,21,165,3609,3774
43,22,120,4600,4720
43,23,106,998,1104
44,0,110,334,444
44,1,88,86,174
44,2,31,13,44
44,3,22,0,22
44,4,12,0,12
44,5,7,0,7
44,6,3,0,3
44,7,9,0,9
44,8,38,0,38
44,9,95,0,95
44,10,188,406,594
44,11,204,215,419
44,12,93,2648,2741
44,13,141,2638,2779
44,14,238,3538,3776
44,15,196,4678,4874
44,16,216,2488,2704
44,17,142,2753,2895
44,18,128,2428,2556
44,19,171,2415,2586
44,20,185,2069,2254
44,21,140,1528,1668
44,22,89,354,443
44,23,96,186,282
45,0,46,4337,4383
45,1,58,754,812
45,2,38,150,188
45,3,26,0,26
45,4,18,0,18
45,5,11,0,11
45,6,3,0,3
45,7,3,0,3
45,8,5,0,5
45,9,25,0,25
45,10,72,0,72
45,11,52,84,136
45,12,79,416,495
45,13,61,1367,1428
45,14,131,5604,5735
45,15,127,3345,3472
45,16,165,3829,3994
45,17,101,1271,1372
45,18,58,428,486
45,19,91,483,574
45,20,125,528,653
45,21,135,476,611
45,22,96,192,288
45,23,66,3560,3626
46,0,34,683,717
46,1,33,0,33
46,2,28,0,28
46,3,34,0,34
46,4,8,0,8
46,5,17,0,17
46,6,17,0,17
46,7,15,0,15
46,8,33,0,33
46,9,64,0,64
46,10,89,5250,5339
46,11,89,597,686
46,12,68,284,352
46,13,79,182,261
46,14,108,2236,2344
46,15,132,1569,1701
46,16,167,483,650
46,17,197,206,403
46,18,84,264,348
46,19,114,332,446
46,20,189,497,686
46,21,147,0,147
46,22,133,0,133
46,23,163,9,172
47,0,66,0,66
47,1,57,4,61
47,2,12,1,13
47,3,25,0,25
47,4,10,0,10
47,5,11,0,11
47,6,11,0,11
47,7,7,0,7
47,8,86,0,86
47,9,91,0,91
47,10,183,0,183
47,11,122,1,123
47,12,58,1,59
47,13,73,2,75
47,14,223,23,246
47,15,269,8,277
47,16,227,3,230
47,17,235,0,235
47,18,73,0,73
47,19,95,8,103
47,20,136,15,151
47,21,125,0,125
47,22,97,2159,2256
47,23,78,2696,2774
48,0,37,4124,4161
48,1,26,1925,1951
48,2,7,0,7
48,3,8,0,8
48,4,21,0,21
48,5,6,0,6
48,6,1,0,1
48,7,2,0,2
48,8,35,0,35
48,9,142,0,142
48,10,201,252,453
48,11,246,1499,1745
48,12,103,0,103
48,13,125,0,125
48,14,200,14,214
48,15,239,20,259
48,16,187,178,365
48,17,155,1022,1177
48,18,65,11,76
48,19,94,2987,3081
48,20,180,467,647
48,21,139,4247,4386
48,22,148,259,407
48,23,123,328,451
49,0,49,249,298
49,1,27,0,27
49,2,21,0,21
49,3,4,0,4
49,4,8,0,8
49,5,6,0,6
49,6,2,0,2
49,7,0,1,1
49,8,9,0,9
49,9,124,102,226
49,10,249,20,269
49,11,194,1041,1235
49,12,64,0,64
49,13,81,1680,1761
49,14,229,735,964
49,15,262,46,308
49,16,233,65,298
49,17,207,5,212
49,18,90,152,242
49,19,113,280,393
49,20,141,324,465
49,21,220,44,264
49,22,189,87,276
49,23,115,126,241
50,0,45,25,70
50,1,63,21,84
50,2,59,0,59
50,3,17,0,17
50,4,13,0,13
50,5,15,0,15
50,6,12,0,12
50,7,12,0,12
50,8,19,36,55
50,9,75,143,218
50,10,213,150,363
50,11,220,46,266
50,12,119,1226,1345
50,13,88,2361,2449
50,14,178,297,475
50,15,200,55,255
50,16,243,108,351
50,17,167,855,1022
50,18,83,521,604
50,19,85,157,242
50,20,92,398,490
50,21,103,281,384
50,22,84,1212,1296
50,23,54,531,585
51,0,150,409,559
51,1,79,408,487
51,2,36,355,391
51,3,22,850,872
51,4,5,0,5
51,5,7,0,7
51,6,4,0,4
51,7,0,0,0
51,8,8,0,8
51,9,115,592,707
51,10,195,116,311
51,11,166,1712,1878
51,12,88,16814,16902
51,13,100,13,113
51,14,154,25,179
51,15,287,614,901
51,16,162,1184,1346
51,17,132,887,1019
51,18,57,921,978
51,19,71,83,154
51,20,76,149,225
51,21,160,538,698
51,22,125,0,125
51,23,69,1056,1125
52,0,35,0,35
52,1,36,0,36
52,2,13,0,13
52,3,6,0,6
52,4,3,0,3
52,5,0,0,0
52,6,0,0,0
52,7,0,0,0
52,8,6,0,6
52,9,30,0,30
52,10,38,488,526
52,11,41,1800,1841
52,12,26,30,56
52,13,63,193,256
52,14,64,0,64
52,15,78,1842,1920
52,16,75,1361,1436
52,17,53,234,287
52,18,42,536,578
52,19,52,1436,1488
52,20,54,1928,1982
52,21,50,2219,2269
52,22,71,2373,2444
52,23,41,1548,1589
53,0,45,3661,3706
53,1,39,1847,1886
53,2,27,0,27
53,3,26,0,26
53,4,13,0,13
53,5,12,0,12
53,6,4,0,4
53,7,7,0,7
53,8,26,0,26
53,9,58,2,60
53,10,84,6,90
53,11,60,6,66
53,12,49,2,51
53,13,97,0,97
53,14,83,2,85
53,15,81,3,84
53,16,63,0,63
53,17,66,49,115
53,18,54,65,119
53,19,79,0,79
53,20,47,15,62
53,21,62,70,132
53,22,69,0,69
53,23,84,67,151
54,0,34,4,38
54,1,18,0,18
54,2,10,0,10
54,3,19,0,19
54,4,28,0,28
54,5,16,0,16
54,6,2,0,2
54,7,3,0,3
54,8,5,0,5
54,9,80,0,80
54,10,145,0,145
54,11,138,0,138
54,12,64,281,345
54,13,109,62,171
54,14,175,525,700
54,15,204,268,472
54,16,244,231,475
54,17,198,1540,1738
54,18,88,3008,3096
54,19,69,1467,1536
54,20,124,707,831
54,21,112,937,1049
54,22,95,542,637
54,23,68,492,560
55,0,85,571,656
55,1,46,955,1001
55,2,28,0,28
55,3,17,0,17
55,4,1,0,1
55,5,3,0,3
55,6,12,0,12
55,7,9,0,9
55,8,10,0,10
55,9,87,180,267
55,10,204,865,1069
55,11,176,505,681
55,12,51,24,75
55,13,70,875,945
55,14,173,497,670
55,15,239,648,887
55,16,181,621,802
55,17,175,1195,1370
55,18,87,804,891
55,19,74,701,775
55,20,89,70,159
55,21,92,609,701
55,22,126,29,155
55,23,76,1488,1564
56,0,48,1618,1666
56,1,24,1660,1684
56,2,18,1213,1231
56,3,16,1585,1601
56,4,18,1061,1079
56,5,21,1025,1046
56,6,21,338,359
56,7,0,687,687
56,8,28,1025,1053
56,9,78,1025,1103
56,10,134,1274,1408
56,11,141,82,223
56,12,72,1385,1457
56,13,113,1887,2000
56,14,188,1263,1451
56,15,286,678,964
56,16,235,2158,2393
56,17,191,4274,4465
56,18,83,2835,2918
56,19,157,3242,3399
56,20,157,1501,1658
56,21,138,2450,2588
56,22,163,2460,2623
56,23,103,2683,2786
57,0,40,556,596
57,1,21,2633,2654
57,2,27,2182,2209
57,3,23,2051,2074
57,4,10,1171,1181
57,5,8,914,922
57,6,13,2374,2387
57,7,5,2430,2435
57,8,21,1774,1795
57,9,80,448,528
57,10,133,2633,2766
57,11,191,4318,4509
57,12,68,2779,2847
57,13,67,2047,2114
57,14,154,3812,3966
57,15,241,1100,1341
57,16,248,756,1004
57,17,150,1814,1964
57,18,112,1263,1375
57,19,110,3142,3252
57,20,161,1025,1186
57,21,148,8,156
57,22,104,1132,1236
57,23,108,430,538
58,0,89,2437,2526
58,1,40,3767,3807
58,2,16,1680,1696
58,3,16,2405,2421
58,4,1,2215,2216
58,5,1,26,27
58,6,8,2050,2058
58,7,6,1025,1031
58,8,26,1025,1051
58,9,91,1824,1915
58,10,126,3256,3382
58,11,103,2718,2821
58,12,47,1917,1964
58,13,119,2992,3111
58,14,162,1058,1220
58,15,141,2024,2165
58,16,150,730,880
58,17,125,1411,1536
58,18,98,275,373
58,19,53,265,318
58,20,53,38,91
58,21,57,331,388
58,22,65,380,445
58,23,34,3229,3263
59,0,31,256,287
59,1,56,2046,2102
59,2,15,0,15
59,3,8,2046,2054
59,4,2,0,2
59,5,5,2047,2052
59,6,3,0,3
59,7,3,2044,2047
59,8,9,2958,2967
59,9,6,1136,1142
59,10,29,4551,4580
59,11,26,2276,2302
59,12,36,4978,5014
59,13,50,3160,3210
59,14,60,8040,8100
59,15,86,1777,1863
59,16,103,7201,7304
59,17,67,4077,4144
59,18,46,4098,4144
59,19,33,4051,4084
59,20,39,2066,2105
59,21,42,1366,1408
59,22,53,1295,1348
59,23,25,70,95
60,0,20,0,20
60,1,12,1366,1378
60,2,11,0,11
60,3,3,0,3
60,4,6,0,6
60,5,6,0,6
60,6,5,0,5
60,7,6,1366,1372
60,8,5,0,5
60,9,36,0,36
60,10,58,0,58
60,11,38,0,38
60,12,23,0,23
60,13,23,1366,1389
60,14,30,4098,4128
60,15,67,0,67
60,16,113,0,113
60,17,60,0,60
60,18,30,0,30
60,19,45,1366,1411
60,20,46,4098,4144
60,21,68,0,68
60,22,62,0,62
60,23,24,0,24
