req_id,prompt_tokens,generation_tokens,offload_target,total_latency_ms
0,401,12,cloud,205.91150819164744
1,282,507,cloud,655.9109969941481
2,11,417,cloud,574.0910018584798
4,1,32,cloud,224.09091421117705
3,220,229,cloud,403.1838779957641
5,127,81,cloud,268.63703886801545
6,1,9,cloud,203.1818263355899
7,10,153,cloud,334.0909997465387
8,72,9,cloud,203.18207780763214
10,17,109,cloud,294.09101939186075
11,20,68,cloud,256.8183064973596
9,325,448,cloud,602.2754649227159
12,9,147,cloud,328.6364335216681
13,165,267,cloud,437.72834198184955
16,139,70,cloud,258.6376284604112
14,37,177,cloud,355.9093491424492
15,8,437,cloud,592.2727825670408
17,22,456,cloud,609.5455919715832
18,80,601,cloud,741.364192399029
19,69,7,cloud,201.36407391716875
21,26,106,cloud,291.3637424697554
20,441,247,cloud,419.54738536353125
24,4,20,cloud,213.18183451105597
22,333,155,cloud,335.9102824889642
25,11,13,cloud,206.81827448228614
23,48,774,cloud,898.6367202359024
26,26,57,cloud,246.81832192398633
27,1844,4,cloud,198.65006083875596
28,354,12,cloud,205.91210740190036
29,6,44,cloud,235.00004487566002
31,299,12,cloud,205.91125105343417
33,17,22,cloud,215.0001507530178
32,101,235,cloud,408.63713816589734
35,6,1,cloud,195.90914250629794
34,117,214,cloud,389.54601698440456
30,48,459,cloud,612.273161105526
37,3,19,cloud,212.27274450098594
39,148,63,cloud,252.27365836979516
36,24,262,cloud,433.1819423046709
40,272,69,cloud,257.72895857489493
38,28,320,cloud,485.9092169638607
41,54,32,cloud,224.09138911118862
42,168,14,cloud,207.72854192717205
44,176,111,cloud,295.9107583093173
45,189,482,cloud,633.183522086023
47,55,298,cloud,465.909277302826
48,28,20,cloud,213.18206728502992
46,18,672,cloud,805.9091743824447
49,13,76,cloud,264.0909764523876
43,11,2185,cloud,2181.3637078419615
50,5,249,cloud,421.3636822585413
51,11,466,cloud,618.6364384010558
52,246,23,cloud,215.91085900542748
53,10,390,cloud,549.5455429934646
55,11,127,cloud,310.4546471837657
54,32,633,cloud,770.4548103002617
57,146,55,cloud,245.00093178729912
59,9,34,cloud,225.90915474145913
56,22,345,cloud,508.63649139648805
60,20,74,cloud,262.27288761383716
58,8,285,cloud,454.0909835500843
61,262,94,cloud,280.45592100045906
63,20,46,cloud,236.81837215823725
62,5,118,cloud,302.2727487025677
64,80,35,cloud,226.81890393167123
65,6,50,cloud,240.45456871560236
66,6,46,cloud,236.81823218932914
67,22,37,cloud,228.63656591256586
68,160,220,cloud,395.00103361100264
69,1,42,cloud,233.18182584156966
70,25,112,cloud,296.81828354731624
72,30,126,cloud,309.5456464942072
73,25,107,cloud,292.2728873298365
75,6,57,cloud,246.81821423025394
76,15,121,cloud,305.000085952237
74,16,217,cloud,392.27287351368795
77,14,294,cloud,462.27278276485595
71,82,516,cloud,664.091237026496
78,140,266,cloud,436.8187389583036
79,10,157,cloud,337.7273216668618
80,961,462,cloud,615.0047521531451
83,293,16,cloud,209.5476985259811
81,64,583,cloud,725.0003854340503
82,17,329,cloud,494.09098837176134
85,16,36,cloud,227.7273699598627
84,113,161,cloud,341.36469890626176
86,4,2,cloud,196.8181989178047
88,14,16,cloud,209.54552429149408
87,108,90,cloud,276.8185545619963
90,144,108,cloud,293.1827795890131
91,82,85,cloud,272.2733393564049
89,64,376,cloud,536.8184856796834
92,871,164,cloud,344.097775035807
94,6,52,cloud,242.27277195592615
93,22,725,cloud,854.0910027695863
95,4,210,cloud,385.90911319868974
96,155,64,cloud,253.18247062134105
97,14,154,cloud,335.00012334729763
99,29,171,cloud,350.45471665337755
101,32,44,cloud,235.00015534360864
98,78,363,cloud,525.0003067422258
102,2,9,cloud,203.18183414340456
100,332,485,cloud,635.9110637394988
103,52,28,cloud,220.45487015595063
104,6,68,cloud,256.8182237434412
105,82,461,cloud,614.0911732086606
106,3,45,cloud,235.90910672485916
107,79,528,cloud,675.000408874701
109,324,25,cloud,217.72939183759445
108,368,287,cloud,455.91078097544596
110,63,12,cloud,205.90944183751344
111,23,63,cloud,252.27289110929996
112,23,310,cloud,476.81835905100525
113,21,287,cloud,455.9092039513125
116,39,306,cloud,473.1820582305263
117,241,198,cloud,375.0020298759082
114,13,610,cloud,749.5455433273928
115,28,648,cloud,784.0910327199344
118,9,26,cloud,218.6364373921133
119,2,19,cloud,212.2727447414727
120,4,154,cloud,335.0000151480672
122,4,1,cloud,195.90912419211236
121,163,391,cloud,550.455385795347
124,27,60,cloud,249.54558229756003
123,218,330,cloud,495.002024691461
125,16,158,cloud,338.63643547978063
126,60,26,cloud,218.63672421167576
128,4,31,cloud,223.1818417739196
127,12,152,cloud,333.1818867049842
129,254,191,cloud,368.63791303833204
132,11,87,cloud,274.09095308606265
131,127,144,cloud,325.91011457529385
133,6,344,cloud,507.72730604691606
130,31,440,cloud,595.0001640240662
136,670,47,cloud,237.7297687930477
135,70,159,cloud,339.5457491991401
137,10,121,cloud,305.0000652104645
134,50,366,cloud,527.7274962344673
138,7,285,cloud,454.09095232612526
140,1,35,cloud,226.81818882331572
139,16,232,cloud,405.909202428189
141,179,126,cloud,309.546081189972
142,14,130,cloud,313.1819021880983
143,62,379,cloud,539.545901624726
144,87,276,cloud,445.90954124396376
145,419,186,cloud,364.0927445555353
147,12,25,cloud,217.72736039146548
148,28,24,cloud,216.81831072244677
150,136,121,cloud,305.0007890807392
146,332,750,cloud,876.821216430435
154,29,28,cloud,220.45467458620988
153,303,114,cloud,298.6386116489448
149,35,769,cloud,894.0912130177167
156,6,17,cloud,210.45459346988355
151,26,449,cloud,603.1820342257561
157,13,132,cloud,315.0000513519626
155,79,573,cloud,715.9095516744346
152,47,773,cloud,897.7276637952018
159,349,189,cloud,366.819789040208
158,521,509,cloud,657.7290889972428
160,23,398,cloud,556.8183627167455
161,1,9,cloud,203.18182624227484
162,9,18,cloud,211.36371416672046
164,1,9,cloud,203.1818226805044
165,9,89,cloud,275.90914837967284
163,10,494,cloud,644.0909419258969
168,7,213,cloud,388.63641392102
166,12,298,cloud,465.9091675608579
167,9,311,cloud,477.72733442344907
171,50,48,cloud,238.63679536952986
170,12,221,cloud,395.90915503291035
169,14,557,cloud,701.3637269986721
172,24,431,cloud,586.818402649682
173,66,1,cloud,195.90959334385116
174,20,14,cloud,207.72737544195843
176,179,93,cloud,279.54685426832293
175,27,626,cloud,764.0910613171291
177,239,151,cloud,332.2748411898574
178,60,233,cloud,406.8187010225447
180,231,237,cloud,410.4566884842061
179,593,443,cloud,597.732513603296
182,361,12,cloud,205.91229260306864
183,16,235,cloud,408.63644974058116
184,130,146,cloud,327.7281112437922
181,38,1062,cloud,1160.454756137915
185,43,74,cloud,262.27292574126477
186,30,248,cloud,420.4547051759
188,27,13,cloud,206.81835165851226
187,32,183,cloud,361.3638620294005
189,14,334,cloud,498.6364608657823
190,3,19,cloud,212.27274331767694
193,53,204,cloud,380.45478729783645
192,28,655,cloud,790.4546355843995
194,429,183,cloud,361.36508423969644
191,110,1101,cloud,1195.9100488421172
195,1,8,cloud,202.2727333796429
197,1,9,cloud,203.18182415533374
196,19,297,cloud,465.000124250284
198,84,308,cloud,475.00079586188804
199,13,110,cloud,295.00012405696907
200,15,225,cloud,399.54557087817375
201,66,1,cloud,195.90963958038628
202,261,14,cloud,207.72920013467228
203,29,43,cloud,234.0911389448811
204,12,149,cloud,330.4546362981273
205,260,103,cloud,288.638571132753
206,6,35,cloud,226.81821630744525
207,20,64,cloud,253.18192478174024
208,2,25,cloud,217.72729111247463
209,61,141,cloud,323.1823339918774
210,268,269,cloud,439.54794361504173
212,283,87,cloud,274.0933712953556
211,133,295,cloud,463.18252051301533
213,19,403,cloud,561.3637073830323
214,31,551,cloud,695.9093550541438
215,42,200,cloud,376.81836798933364
216,11,210,cloud,385.909166167723
217,11,334,cloud,498.63643523949577
218,14,31,cloud,223.18194760691404
219,61,8,cloud,202.27321723838395
220,237,163,cloud,343.1839816865904
221,8,83,cloud,270.45458135134686
222,66,1,cloud,195.9094390722821
223,19,29,cloud,221.36374034276378
224,12,12,cloud,205.90918097965914
226,7,25,cloud,217.72730178917845
225,9,185,cloud,363.18185560510756
227,12,492,cloud,642.2728299699083
228,12,79,cloud,266.818255147984
229,7,281,cloud,450.4545778120082
231,149,64,cloud,253.18237747610692
232,6,86,cloud,273.1818544209018
230,61,361,cloud,523.1823071127365
233,6,9,cloud,203.18185265640204
234,270,22,cloud,215.0009726313947
235,1,9,cloud,203.1818217043765
236,25,181,cloud,359.54566596689256
238,157,139,cloud,321.3647643049044
237,481,675,cloud,808.6399918788738
242,4,15,cloud,208.63639964524918
239,42,497,cloud,646.8184980492515
241,8,332,cloud,496.81820756108937
240,7,353,cloud,515.909124074351
243,458,99,cloud,285.0034891413161
244,19,42,cloud,233.18196219379752
245,8,79,cloud,266.8182162021476
247,25,32,cloud,224.09104232444224
250,66,1,cloud,195.9096025066392
251,234,2,cloud,196.8196212913972
249,23,160,cloud,340.45470272622333
248,10,374,cloud,535.000069755486
246,88,669,cloud,803.1824567147123
253,1,9,cloud,203.1818241506553
252,33,1109,cloud,1203.1819504447194
254,315,111,cloud,295.91060438079876
255,5,119,cloud,303.1818627993998
256,777,26,cloud,218.64159205029137
260,671,45,cloud,235.91482424002606
257,141,592,cloud,733.1824032291988
259,6,407,cloud,565.0000299353269
258,12,540,cloud,685.9091959169091
261,4,26,cloud,218.6363780577667
262,10,487,cloud,637.7273640673229
263,10,307,cloud,474.0909617872676
264,25,225,cloud,399.54560213678633
265,127,7,cloud,201.3645605736092
266,6,225,cloud,399.54550671011384
269,115,53,cloud,243.18269566164236
267,21,323,cloud,488.63653450222046
268,455,615,cloud,754.0929837649019
270,3,21,cloud,214.0909277232422
271,3,9,cloud,203.18184619954263
272,7,505,cloud,654.0909482850984
273,5,290,cloud,458.63640356202086
274,9,250,cloud,422.27280867414083
277,367,109,cloud,294.09367468704295
275,114,370,cloud,531.364114212367
276,268,459,cloud,612.2748663817911
279,13,257,cloud,428.63646846459596
281,7,2,cloud,196.81822643359192
278,11,574,cloud,716.8182217534777
280,21,263,cloud,434.0910330534389
283,36,78,cloud,265.9093025466427
282,8,313,cloud,479.5454849048838
284,31,7,cloud,201.3637419648294
285,385,0,cloud,195.00308206368936
289,31,9,cloud,203.18209725762426
288,5,152,cloud,333.18183420749847
287,43,378,cloud,538.6366477213014
291,157,356,cloud,518.636881540282
286,12,517,cloud,665.0000398104603
290,128,462,cloud,615.0006890527438
292,9,325,cloud,490.4546261432115
293,392,62,cloud,251.3672695372661
294,470,25,cloud,217.72955262339383
295,11,27,cloud,219.54554910714796
296,130,45,cloud,235.9097672153439
297,20,8,cloud,202.27283676544903
298,389,100,cloud,285.9124230864254
299,4,176,cloud,355.0000237680797
301,6,19,cloud,212.27278456857312
303,32,86,cloud,273.18201566606876
304,36,148,cloud,329.54578665485315
305,2,19,cloud,212.2727459804737
302,96,278,cloud,447.7278974005894
300,314,909,cloud,1021.3662938795896
306,240,340,cloud,504.09221747965785
308,6,2,cloud,196.81823719399108
307,41,384,cloud,544.0912620407034
309,6,12,cloud,205.9091226032033
310,6,1,cloud,195.90913465349877
311,1,7,cloud,201.36364212019544
312,12,170,cloud,349.5455485948769
313,8,90,cloud,276.81824952752504
314,16,45,cloud,235.9091686665779
315,7,157,cloud,337.72733076634177
317,28,38,cloud,229.54556355660316
316,8,157,cloud,337.7273208974948
319,14,16,cloud,209.54557637091784
318,38,362,cloud,524.0911076552293
321,1,2,cloud,196.81818738866423
320,47,424,cloud,580.454792980323
322,83,218,cloud,393.1824389243702
324,10,165,cloud,345.0000865170441
326,7,63,cloud,252.2727705710422
323,196,410,cloud,567.7286365354084
325,39,426,cloud,582.2730205890839
328,137,76,cloud,264.0916193363664
331,92,39,cloud,230.45526920347766
329,23,320,cloud,485.9092171347729
327,15,896,cloud,1009.5455606637115
330,14,188,cloud,365.9091416549927
332,66,1,cloud,195.90938991300936
333,216,193,cloud,370.45560593588743
334,10,98,cloud,284.09098499231914
335,15,70,cloud,258.6364325001632
336,135,323,cloud,488.6369535230915
337,87,344,cloud,507.72755538177444
339,88,117,cloud,301.3644175530353
338,8,364,cloud,525.9091273948434
341,6,8,cloud,202.27277111797594
340,12,117,cloud,301.36372492360533
342,35,303,cloud,470.4546941918961
343,87,135,cloud,317.7279371643672
345,1,25,cloud,217.72727789211785
344,62,450,cloud,604.0914844062645
346,6,55,cloud,245.00004404611536
348,114,143,cloud,325.0009845569002
347,589,276,cloud,445.9146874133876
349,20,236,cloud,409.54554215709504
350,232,25,cloud,217.72812914059614
351,10,8,cloud,202.27280179022637
354,1,9,cloud,203.18182183254976
353,272,84,cloud,271.36620023568685
352,21,246,cloud,418.6364904631482
355,1,23,cloud,215.90910047928628
356,5,1,cloud,195.90911061574297
357,5,328,cloud,493.18184017979365
358,64,75,cloud,263.1823698828375
359,10,19,cloud,212.27281594723172
362,29,49,cloud,239.54570705906372
360,10,243,cloud,415.909148441875
361,26,300,cloud,467.72749855174334
363,803,822,cloud,942.2786618463724
366,512,32,cloud,224.09385946841212
365,494,356,cloud,518.6381312498852
367,141,79,cloud,266.8187000310136
364,87,631,cloud,768.6369139761518
368,1,9,cloud,203.18182144766615
369,12,12,cloud,205.9091294065147
370,48,576,cloud,718.6366734492913
373,9,64,cloud,253.1818997439259
372,9,261,cloud,432.27277281139686
371,13,274,cloud,444.09098272076517
374,9,78,cloud,265.9091453415458
375,6,228,cloud,402.2727677456278
376,29,442,cloud,596.8183004238526
378,86,307,cloud,474.09134747995995
377,87,522,cloud,669.5460427930375
379,24,236,cloud,409.545643041507
380,295,154,cloud,335.00169958293554
381,329,6,cloud,200.4557854385348
383,50,11,cloud,205.00028634103364
382,33,23,cloud,215.90937634372676
384,11,110,cloud,295.00009697578207
385,10,164,cloud,344.09097726891923
386,84,165,cloud,345.00053774076514
387,26,191,cloud,368.6365717144945
388,106,130,cloud,313.18257101191557
389,82,387,cloud,546.8188971695054
390,6,222,cloud,396.8182163207239
391,39,188,cloud,365.9092224444612
392,23,437,cloud,592.2729165302735
393,220,161,cloud,341.3652103005006
394,372,241,cloud,414.0938650209282
395,8,69,cloud,257.7273379454127
396,8,151,cloud,332.27277315440006
397,575,463,cloud,615.9129238267342
398,335,12,cloud,205.9112484358775
400,348,203,cloud,379.5476242868026
401,30,128,cloud,311.36380847326654
402,2714,13,cloud,206.839805111842
399,97,515,cloud,663.1823217274214
403,644,141,cloud,323.1850995682471
404,42,229,cloud,403.1820330740593
406,292,16,cloud,209.5472829475475
405,11,527,cloud,674.0910060159367
407,59,39,cloud,230.4551054021431
408,13,384,cloud,544.0910248379078
409,17,322,cloud,487.727394970294
411,4,29,cloud,221.36366931546945
410,6,393,cloud,552.2727674347698
412,4,8,cloud,202.27275678030855
413,5,177,cloud,355.9091241918941
416,1,9,cloud,203.1818228930788
414,79,843,cloud,961.3640411513043
417,30,90,cloud,276.8184668075264
415,13,292,cloud,460.4546386773436
418,21,156,cloud,336.81833132846805
420,17,372,cloud,533.1819235982402
419,365,912,cloud,1024.0931790158502
421,53,280,cloud,449.54575739034044
422,55,134,cloud,316.81859280663775
423,9,74,cloud,262.272804759632
424,252,90,cloud,276.82059200402
425,8,107,cloud,292.27277699808474
426,9,49,cloud,239.54549067516928
428,5,143,cloud,325.0000438531424
430,20,27,cloud,219.5455667287897
431,308,105,cloud,290.4565372379875
427,61,553,cloud,697.7275057119405
429,633,475,cloud,626.8215025034151
432,18,279,cloud,448.6364273204381
433,16,308,cloud,475.00009525191854
434,12,418,cloud,575.0000779654074
435,26,23,cloud,215.90919310366735
436,74,12,cloud,205.90946546920168
437,2,19,cloud,212.272740098575
438,13,179,cloud,357.72739008665667
439,6,68,cloud,256.8182218661241
440,49,124,cloud,307.727666759587
441,19,492,cloud,642.2728279592411
442,57,416,cloud,573.1821912274027
443,81,90,cloud,276.818933160961
446,88,4,cloud,198.63670424878364
444,12,290,cloud,458.6364150349109
447,9,139,cloud,321.3637182791572
445,30,718,cloud,847.7274710488127
448,45,409,cloud,566.8185226171481
449,748,40,cloud,231.36627104938088
450,2,119,cloud,303.18182619124127
452,19,84,cloud,271.36375770955055
453,25,184,cloud,362.2728703909088
454,32,266,cloud,436.81828831393796
457,26,14,cloud,207.7274962972151
455,382,281,cloud,450.4568249199219
458,45,66,cloud,255.00035160304105
456,597,493,cloud,643.1854609126749
451,61,1568,cloud,1620.4550687332376
460,220,308,cloud,475.00164563418366
463,29,2,cloud,196.818450541934
462,190,64,cloud,253.18329369847197
461,15,376,cloud,536.8182600485598
464,27,54,cloud,244.09104697103612
459,12,583,cloud,725.0000654560718
465,8,10,cloud,204.09095619275467
466,35,21,cloud,214.09115970642597
467,32,17,cloud,210.45473517251958
468,32,63,cloud,252.27294437517412
470,10,348,cloud,511.36372760345694
469,108,470,cloud,622.2731416937604
472,11,148,cloud,329.54555576096755
473,17,132,cloud,315.00006888589996
474,50,83,cloud,270.45489111257484
471,17,377,cloud,537.7273914655234
477,4,33,cloud,225.00003800161358
476,17,339,cloud,503.1819784543768
475,846,525,cloud,672.2779527530802
478,50,225,cloud,399.5459155409626
480,85,1,cloud,195.9094569995068
479,194,455,cloud,608.6379096416931
482,982,72,cloud,260.4619442432595
481,240,286,cloud,455.00089181779185
483,9,506,cloud,655.0000810355705
484,26,535,cloud,681.3638416977483
485,11,479,cloud,630.4546349274024
486,36,20,cloud,213.18199050831026
488,11,36,cloud,227.72735723070218
487,121,359,cloud,521.3645791063755
490,32,80,cloud,267.7273818191461
489,330,344,cloud,507.7300031305349
491,13,181,cloud,359.5455079497624
493,30,99,cloud,285.0001225374872
492,5,371,cloud,532.2727697172522
494,588,3,cloud,197.73072009373573
495,147,241,cloud,414.09193426868296
498,640,39,cloud,230.46054631580773
497,710,95,cloud,281.36836763017345
496,30,265,cloud,435.909241922549
501,27,47,cloud,237.72740154137136
499,17,435,cloud,590.4546162398474
500,30,1026,cloud,1127.7275541356212
502,7,70,cloud,258.63640549540287
504,313,12,cloud,205.91123224800685
503,14,480,cloud,631.3637150042341
505,7,46,cloud,236.8182164710015
506,23,102,cloud,287.7273827230383
507,17,8,cloud,202.27286076440942
508,5,395,cloud,554.0909486951714
509,77,97,cloud,283.1824187973398
510,60,294,cloud,462.27316713306936
511,188,646,cloud,782.2741838490474
512,36,69,cloud,257.7273902929737
514,2,9,cloud,203.18183392865467
513,250,497,cloud,646.8205630921584
516,1,9,cloud,203.1818245643226
515,66,418,cloud,575.0005858910445
518,1,9,cloud,203.18182548534242
517,22,265,cloud,435.90928343476844
519,137,76,cloud,264.09216342502623
524,162,96,cloud,282.27364977277466
520,8,459,cloud,612.2728036901681
523,558,220,cloud,395.0031731558265
525,14,17,cloud,210.45459395713988
522,91,454,cloud,607.7277823370241
527,93,70,cloud,258.63684435383766
526,25,324,cloud,489.54561253404245
530,66,40,cloud,231.36411587431212
529,59,150,cloud,331.36384785934933
521,126,1332,cloud,1405.9100410648389
531,1,9,cloud,203.18182569969213
528,79,538,cloud,684.0913888571085
532,51,353,cloud,515.9092643928598
535,5,1,cloud,195.90911415586015
533,17,356,cloud,518.6365160647838
534,38,252,cloud,424.0911450057174
536,31,395,cloud,554.0911609155883
538,560,26,cloud,218.63961541515891
537,12,329,cloud,494.09095496090595
540,23,12,cloud,205.9091971864982
541,319,159,cloud,339.54830871798913
539,702,565,cloud,708.6397979548492
543,359,70,cloud,258.6383662142325
542,29,785,cloud,908.636617006443
545,62,284,cloud,453.1823227032146
544,323,396,cloud,555.0021615715523
546,684,70,cloud,258.6405290720577
548,54,31,cloud,223.18226637196494
547,82,162,cloud,342.2732803847175
549,220,161,cloud,341.3650491419248
550,55,221,cloud,395.9095385965484
551,7,9,cloud,203.18187075914466
553,6,27,cloud,219.54547693641507
554,2,7,cloud,201.3636520493601
556,52,185,cloud,363.1822277009487
555,9,293,cloud,461.36367806594353
552,28,802,cloud,924.0910806114262
558,37,16,cloud,209.54567403480178
559,34,2,cloud,196.8183660338982
557,53,722,cloud,851.3640119293414
561,26,37,cloud,228.6365303786588
560,10,162,cloud,342.2728073100443
563,63,16,cloud,209.54574347272865
564,54,235,cloud,408.6366871371865
562,223,538,cloud,684.0918609801156
566,104,167,cloud,346.8191065126739
565,11,207,cloud,383.1819218249875
567,490,282,cloud,451.36745581467403
570,2,11,cloud,205.00001393142156
568,22,489,cloud,639.5455941052933
569,6,460,cloud,613.1818707556231
571,20,11,cloud,205.00008265001816
572,37,4,cloud,198.63664531966788
573,78,7,cloud,201.36424042272847
575,1,9,cloud,203.1818228791526
574,83,446,cloud,600.4550697875675
576,31,455,cloud,608.6365202821617
577,388,74,cloud,262.27466939986334
578,3,118,cloud,302.27274643609417
579,24,110,cloud,295.0001634543587
581,47,296,cloud,464.09113652733504
580,63,745,cloud,872.2730885936471
582,11,474,cloud,625.909171180916
584,11,14,cloud,207.7273119665042
583,499,445,cloud,599.5496701965458
585,45,42,cloud,233.18213429002208
586,47,84,cloud,271.36384479361004
587,8,381,cloud,541.3637097316387
588,18,264,cloud,435.0001411306148
589,327,99,cloud,285.00107749766903
591,14,25,cloud,217.7274024663493
590,22,457,cloud,610.4546395065263
592,24,7,cloud,201.36382734612562
593,32,36,cloud,227.72743512733723
594,142,61,cloud,250.45556772951386
595,9,25,cloud,217.72733840180445
596,24,587,cloud,728.6365396459587
597,37,17,cloud,210.45487152179703
599,9,10,cloud,204.0909882732958
598,44,39,cloud,230.454812134878
600,29,38,cloud,229.54572116947384
602,23,37,cloud,228.63649081758922
601,19,654,cloud,789.5455872741004
603,17,142,cloud,324.09107046644203
604,520,114,cloud,298.64083050514455
605,74,76,cloud,264.09131969875307
606,18,130,cloud,313.1819714962912
607,8,72,cloud,260.4545870665752
608,37,150,cloud,331.3638536159706
609,14,18,cloud,211.36373019663733
610,4,232,cloud,405.9091113957111
611,7,7,cloud,201.36367246878217
612,8,21,cloud,214.09094128967263
613,18,284,cloud,453.18191097007366
615,16,194,cloud,371.36378530730144
617,23,20,cloud,213.1820236739295
614,14,379,cloud,539.5455095178331
616,145,479,cloud,630.4557967399887
618,35,524,cloud,671.363843217754
619,737,598,cloud,738.6390342704544
620,38,87,cloud,274.0911713221576
621,1,27,cloud,219.54546362138353
622,12,420,cloud,576.8182304670045
623,7,513,cloud,661.363685284945
624,16,527,cloud,674.0910069972742
626,80,373,cloud,534.0914180185064
625,182,489,cloud,639.5466821673035
627,4,46,cloud,236.81821953176404
630,32,1,cloud,195.90928002499277
629,4,111,cloud,295.90910521234036
633,26,61,cloud,250.45466887255316
632,21,146,cloud,327.7273686398112
628,359,372,cloud,533.1852269247465
631,15,285,cloud,454.0910294831556
636,4,44,cloud,235.00002749747364
637,32,47,cloud,237.72753893895424
638,7,29,cloud,221.3636772208847
634,293,287,cloud,455.9103967800038
635,6,337,cloud,501.36368441884406
639,20,349,cloud,512.2728100795648
640,4,31,cloud,223.18183902426972
641,322,518,cloud,665.9115192346508
642,528,107,cloud,292.2747825953993
643,121,84,cloud,271.364277960849
645,299,31,cloud,223.18332890066085
644,17,174,cloud,353.1819339786016
646,23,210,cloud,385.9092016745126
648,5,220,cloud,395.0000227094861
649,16,98,cloud,284.090980712499
647,8,330,cloud,495.0000569758704
650,7,106,cloud,291.36367343435995
652,6,204,cloud,380.45457930272096
651,7,503,cloud,652.2727514135768
653,26,253,cloud,425.0002275457373
654,76,339,cloud,503.1824108049623
655,1,9,cloud,203.18182683491614
658,10,21,cloud,214.09096426083124
656,20,375,cloud,535.9091625962756
657,336,601,cloud,741.3662475578603
659,259,97,cloud,283.1834212044778
660,295,207,cloud,383.1831833955075
661,5,18,cloud,211.36368349651457
662,829,19,cloud,212.27877679429366
663,7,17,cloud,210.45458432708983
664,19,517,cloud,665.0001133373007
665,38,196,cloud,373.18203757095034
666,70,241,cloud,414.09146064915694
667,3,26,cloud,218.6363912304223
669,4,75,cloud,263.1818326067296
670,6,188,cloud,365.90913774381625
668,71,313,cloud,479.5457521651115
671,149,125,cloud,308.63774223270593
672,39,31,cloud,223.1821769354574
673,66,1,cloud,195.90962987055536
676,52,114,cloud,298.63672738766763
674,343,449,cloud,603.1841412591457
675,16,804,cloud,925.909169281309
677,5,36,cloud,227.7272974999505
678,5,59,cloud,248.63640097583993
679,104,236,cloud,409.5459588129597
680,83,14,cloud,207.7278860330698
681,120,302,cloud,469.54593350423966
682,6,237,cloud,410.4545682508324
683,254,18,cloud,211.3659022366337
685,12,290,cloud,458.6364543296222
684,9,359,cloud,521.3637046800868
686,22,250,cloud,422.2728307774523
687,7,22,cloud,215.00004852874554
688,24,1,cloud,195.909167769365
689,12,142,cloud,324.0909809045552
690,151,24,cloud,216.81946350788348
693,1,9,cloud,203.181825374224
692,8,88,cloud,275.000075122196
691,329,223,cloud,397.72863813868025
694,121,83,cloud,270.4555715920578
695,15,31,cloud,223.18187589963782
697,103,48,cloud,238.63734802612453
696,4,81,cloud,268.63639259597403
698,7,51,cloud,241.36368980971747
699,42,17,cloud,210.45475438720314
701,6,6,cloud,200.4545886659762
700,6,471,cloud,623.1818660670251
702,55,477,cloud,628.6366689316055
703,35,31,cloud,223.18212691307417
705,258,7,cloud,201.36550950701348
704,10,75,cloud,263.1819067072065
706,2,9,cloud,203.1818292394455
707,31,15,cloud,208.63651376057533
708,1,9,cloud,203.1818216192769
710,15,26,cloud,218.63645544074825
709,69,193,cloud,370.45502038882114
711,29,560,cloud,704.0910192499578
713,14,98,cloud,284.0910110010882
714,249,101,cloud,286.82036505211727
716,15,13,cloud,206.81831273055286
715,4,206,cloud,382.27274444920477
718,5,19,cloud,212.2727651387686
717,11,137,cloud,319.54553266218863
719,14,14,cloud,207.72737263614545
720,197,23,cloud,215.909903364809
721,17,31,cloud,223.18192848926992
722,19,59,cloud,248.63648105046013
724,4,9,cloud,203.18183674188913
712,28,1108,cloud,1202.272934361914
723,11,200,cloud,376.8182482899865
726,31,12,cloud,205.90933061699616
727,19,0,cloud,195.00011274701683
728,22,446,cloud,600.454744712275
725,34,1015,cloud,1117.7275148690678
729,14,33,cloud,225.00004670396447
730,12,105,cloud,290.45459959097207
731,2,17,cloud,210.45455754219438
732,23,339,cloud,503.18190118222265
734,9,86,cloud,273.18185692772386
733,47,181,cloud,359.5458365131344
738,66,1,cloud,195.9093109331443
736,83,232,cloud,405.90938961243955
735,9,641,cloud,777.727307185356
737,238,539,cloud,685.0009020375146
739,313,92,cloud,278.63894646105473
740,16,269,cloud,439.545588957204
743,79,391,cloud,550.4552241416823
741,292,565,cloud,708.6376920493203
746,7,6,cloud,200.45460810494842
742,32,698,cloud,829.5455995503289
747,36,19,cloud,212.27291538956342
745,8,452,cloud,605.9091446911625
744,570,536,cloud,682.2749807403889
749,24,26,cloud,218.6364786401682
748,529,565,cloud,708.638872700918
750,137,262,cloud,433.1827636414091
752,14,230,cloud,404.09101679502055
751,27,432,cloud,587.7275117611571
754,40,92,cloud,278.636502499372
753,18,359,cloud,521.3637962657667
755,81,314,cloud,480.45526363365934
756,495,29,cloud,221.36704126436962
757,77,383,cloud,543.1823580765049
758,39,62,cloud,251.3637746675522
760,34,48,cloud,238.63659526317497
759,245,543,cloud,688.6382786765462
761,1,219,cloud,394.0909131760127
762,30,588,cloud,729.5457252437482
763,66,1,cloud,195.90955484632286
764,645,298,cloud,465.9119286505447
765,287,105,cloud,290.4569934688916
766,27,293,cloud,461.3638047837303
767,11,157,cloud,337.7273242082447
768,1,1,cloud,195.90909987688065
769,1,132,cloud,315.0000083237828
770,23,113,cloud,297.72736338863615
771,8,4,cloud,198.636407298618
772,9,196,cloud,373.1818580785184
773,11,184,cloud,362.2727680405078
774,32,388,cloud,547.7273999844329
775,37,236,cloud,409.5457875704451
776,103,166,cloud,345.90975866341614
778,319,43,cloud,234.09333031400456
780,10,21,cloud,214.0909868144081
781,69,76,cloud,264.09150382786174
779,17,255,cloud,426.8183055468544
777,19,415,cloud,572.2728046015545
782,43,148,cloud,329.54563339511515
783,38,419,cloud,575.9094442422793
784,29,73,cloud,261.36390940338606
786,165,24,cloud,216.81965975489584
785,83,314,cloud,480.4551795043226
787,87,417,cloud,574.0915124554595
789,80,266,cloud,436.81867648652405
788,15,537,cloud,683.18189427568
790,13,416,cloud,573.1819118053245
791,3,39,cloud,230.454562937608
792,36,73,cloud,261.36395619402174
794,10,64,cloud,253.18186005865573
795,7,70,cloud,258.63639971453813
793,27,533,cloud,679.5456214247679
796,11,20,cloud,213.18189938936848
798,3,27,cloud,219.54547303446452
797,28,242,cloud,415.0001512290037
799,449,30,cloud,222.27528858062578
801,26,98,cloud,284.09101108196774
800,83,401,cloud,559.5460298221733
802,295,5,cloud,199.54713323910255
805,10,97,cloud,283.18191004524124
806,31,134,cloud,316.81839665723965
803,25,854,cloud,971.363757335901
804,251,576,cloud,718.6378996449348
807,115,141,cloud,323.1828015461506
808,44,222,cloud,396.8184142393002
811,59,10,cloud,204.0911308247014
810,151,41,cloud,232.27352470348706
809,978,617,cloud,755.9176493808627
812,427,260,cloud,431.3657921249978
814,150,107,cloud,292.2738707761455
813,10,278,cloud,447.7273152684502
815,29,10,cloud,204.09113059871015
816,31,16,cloud,209.545602277125
817,35,81,cloud,268.6365166110336
818,60,11,cloud,205.0003908512008
819,12,90,cloud,276.81824294957914
821,69,122,cloud,305.909383311955
820,43,477,cloud,628.6365958269162
822,31,10,cloud,204.0911627371097
823,103,52,cloud,242.27328568391385
824,9,133,cloud,315.9091221818235
825,29,505,cloud,654.0910651066806
826,299,683,cloud,815.9116335679137
827,105,184,cloud,362.2733657794015
828,313,321,cloud,486.8200426212279
829,16,233,cloud,406.81832246968406
831,10,218,cloud,393.18189011060167
830,280,437,cloud,592.2739660689258
832,9,23,cloud,215.90915290245903
833,13,42,cloud,233.18192207656102
834,7,142,cloud,324.09096642935765
835,274,133,cloud,315.91061056317994
836,44,14,cloud,207.7275789877458
839,28,60,cloud,249.54555352998432
838,18,255,cloud,426.81829366568127
837,49,452,cloud,605.9092681623588
840,2,227,cloud,401.3636461083079
841,27,65,cloud,254.09107843253878
842,299,113,cloud,297.7290420893987
844,28,112,cloud,296.81836288564955
843,42,153,cloud,334.0910648474237
845,195,35,cloud,226.81976830854546
846,48,23,cloud,215.9092521048442
847,95,125,cloud,308.6370053825667
849,24,12,cloud,205.90921725102817
848,132,289,cloud,457.7280035293952
850,22,67,cloud,255.90918046218576
851,50,50,cloud,240.45498399974895
852,50,90,cloud,276.81837354635354
853,26,12,cloud,205.9091768102371
854,6,21,cloud,214.09094555524644
855,15,350,cloud,513.181910381827
857,1,163,cloud,343.1818229594501
859,7,173,cloud,352.2727821179433
856,876,490,cloud,640.4611263074039
858,253,577,cloud,719.5469500201289
861,9,74,cloud,262.27276677644113
862,302,46,cloud,236.8197365392116
860,41,872,cloud,987.7276191879064
863,2,10,cloud,204.09092590337968
864,1713,79,cloud,266.82825206930283
865,24,63,cloud,252.27281291692634
866,25,71,cloud,259.5455560956034
867,30,438,cloud,593.1819930560887
868,10,364,cloud,525.9091434064321
869,15,669,cloud,803.1819341779628
870,10,65,cloud,254.0909775889886
873,4,30,cloud,222.27274642157136
871,44,211,cloud,386.8185768365802
872,147,421,cloud,577.7278169262281
874,10,353,cloud,515.9091338858125
876,15,386,cloud,545.9091436235758
877,18,144,cloud,325.9091596635699
875,20,666,cloud,800.4547024849162
878,36,359,cloud,521.3638903122337
879,89,33,cloud,225.00076074598473
880,12,477,cloud,628.6364317864645
883,35,234,cloud,407.72742054690025
881,8,299,cloud,466.8182505373843
882,24,355,cloud,517.7274571642338
885,11,227,cloud,401.3637032924162
884,37,423,cloud,579.545730728074
886,22,316,cloud,482.27290906067356
888,212,15,cloud,208.6380298291915
887,275,50,cloud,240.45692136744037
889,77,509,cloud,657.7277425618959
891,10,25,cloud,217.72734630151535
890,175,438,cloud,593.1827113834152
892,441,43,cloud,234.09276456819498
893,155,64,cloud,253.1830093865574
894,1,9,cloud,203.18182180411532
896,106,76,cloud,264.0918336395116
898,10,80,cloud,267.7273659139755
897,79,318,cloud,484.0915653772827
895,19,431,cloud,586.8183108159574
899,6,144,cloud,325.9091292141529
901,5,241,cloud,414.09095085193985
900,8,492,cloud,642.2727871937386
902,28,8,cloud,202.27288307095296
903,155,177,cloud,355.909836447885
904,697,131,cloud,314.0968217421032
906,308,76,cloud,264.09370129124727
905,106,529,cloud,675.9097224804282
909,143,225,cloud,399.5463206106797
907,16,767,cloud,892.2728070807061
908,91,310,cloud,476.8189937819552
910,43,2,cloud,196.81839755849796
911,374,65,cloud,254.09274801870924
912,35,54,cloud,244.09108629025286
913,7,273,cloud,443.1818784073985
914,33,359,cloud,521.3638058079523
915,7,174,cloud,353.181843479455
916,17,35,cloud,226.81832911248785
917,330,140,cloud,322.2740638302057
918,18,233,cloud,406.81832172052236
920,5,238,cloud,411.36367523894296
919,80,403,cloud,561.3639190251706
921,8,128,cloud,311.3637057779124
922,1,8,cloud,202.27273486729246
924,107,36,cloud,227.72786820077454
923,88,362,cloud,524.0915627664654
925,29,66,cloud,255.0001237083925
926,68,215,cloud,390.45513460144866
928,65,319,cloud,485.0006210382271
927,335,529,cloud,675.9117928252381
929,10,137,cloud,319.5455236900016
930,18,168,cloud,347.72736839586287
931,21,63,cloud,252.27280898261233
932,11,201,cloud,377.7273650780262
933,32,164,cloud,344.0912106220203
934,1,9,cloud,203.1818232224905
935,7,8,cloud,202.2727839462459
936,8,88,cloud,275.0000764671131
938,6,9,cloud,203.1818540727254
937,9,63,cloud,252.27277401604806
939,34,79,cloud,266.81850093594403
940,76,103,cloud,288.63703925383743
941,85,101,cloud,286.81854626938
942,3,9,cloud,203.18183788430179
943,8,56,cloud,245.90915193059482
944,12,21,cloud,214.09100783706526
945,31,31,cloud,223.1820235059713
946,60,37,cloud,228.63690982636763
947,98,104,cloud,289.5461581662239
948,5,9,cloud,203.1818525325507
949,2,37,cloud,228.6363746698189
952,30,63,cloud,252.27283282019198
950,21,370,cloud,531.3638332000119
953,33,24,cloud,216.8184060169442
951,35,808,cloud,929.5456657441391
956,40,34,cloud,225.9092686076765
955,314,204,cloud,380.4571948758676
954,335,508,cloud,656.8198369974562
957,6,28,cloud,220.454582419683
959,147,128,cloud,311.36475524297566
958,21,714,cloud,844.0910897068388
960,121,163,cloud,343.1822632239782
962,8,239,cloud,412.27279704782995
964,81,7,cloud,201.36436426878208
961,36,468,cloud,620.4547270793119
963,81,247,cloud,419.5458212107187
966,1,18,cloud,211.36364140119986
965,592,340,cloud,504.0935411095852
967,78,279,cloud,448.6369602083578
971,24,14,cloud,207.72743242772412
969,7,283,cloud,452.27275415853364
968,14,405,cloud,563.1819460442348
972,4,68,cloud,256.81821624631993
970,12,560,cloud,704.0909539356362
973,15,338,cloud,502.27280116351903
974,339,12,cloud,205.91116653580684
975,250,54,cloud,244.09270918002585
977,29,56,cloud,245.9092039213283
978,87,7,cloud,201.36406139389146
979,2,9,cloud,203.18182505085133
976,20,389,cloud,548.6365006492415
980,74,118,cloud,302.2730770239432
982,27,34,cloud,225.909187001409
981,37,231,cloud,405.00016459662584
983,9,8,cloud,202.2727873965341
984,39,39,cloud,230.4547454614658
985,250,172,cloud,351.36536746667116
986,27,181,cloud,359.54561522306176
988,1,9,cloud,203.18182685328065
987,3,46,cloud,236.8182098728139
989,5,27,cloud,219.54548011059524
990,141,1,cloud,195.9096347472223
992,77,39,cloud,230.45494642306585
991,11,166,cloud,345.9091455762973
994,20,90,cloud,276.81826357959653
993,8,587,cloud,728.6363923300232
995,11,267,cloud,437.7273222662334
996,18,91,cloud,277.7273744577833
997,11,232,cloud,405.9091374374402
998,235,16,cloud,209.54660837489064
999,37,37,cloud,228.6367176208878
